our_school_name,our_state,our_occupations,our_degree_types,our_school_code,match_score,unmatched_reason,scorecard_unitid,scorecard_name,scorecard_city,scorecard_state,ownership,school_url,locale,carnegie_basic,highest_degree,total_enrollment,admission_rate,pt_earnings_6yr_median,pt_earnings_10yr_median,pt_debt_median,pt_debt_monthly,pt_credential_level,ot_earnings_6yr_median,ot_earnings_10yr_median,ot_debt_median,ot_debt_monthly,ot_credential_level
A.T. Still University of Health Sciences,Arizona,Physical Therapists,DPT,0303,0.962,,177834,A T Still University of Health Sciences,Kirksville,MO,Private nonprofit,www.atsu.edu/,Town: Remote,25,4,,,,,,,,,,,,
"A.T. Still University, Arizona School of Health Sciences",Arizona,Occupational Therapists,"OTD,MOT",,0.0,no results,,,,,,,,,,,,,,,,,,,,,
Abilene Christian University,Texas,Occupational Therapists,"OTD,MOT",,1.0,,222178,Abilene Christian University,Abilene,TX,Private nonprofit,www.acu.edu/,City: Midsize,17,4,3129,0.6388,,,,,,,,,,
AdventHealth University,Florida,"Physical Therapists,Occupational Therapists","DPT,MOT",1057,1.0,,133872,AdventHealth University,Orlando,FL,Private nonprofit,www.ahu.edu/,City: Large,26,4,1068,,,,,,,,,,,
Alabama State University,Alabama,"Physical Therapists,Occupational Therapists","DPT,MOT",3310,1.0,,100724,Alabama State University,Montgomery,AL,Public,www.alasu.edu/,City: Midsize,17,4,3322,0.9564,,,,,,,,,,
Allen College,Iowa,"Physical Therapists,Occupational Therapists","DPT,MOT",1613,1.0,,152798,Allen College,Waterloo,IA,Private nonprofit,www.allencollege.edu/,City: Small,26,4,279,,,,,,,,,,,
Alvernia University,Pennsylvania,"Physical Therapists,Occupational Therapists","DPT,MOT",3941,1.0,,210775,Alvernia University,Reading,PA,Private nonprofit,https://www.alvernia.edu/,City: Small,17,4,2042,0.6232,,,,,,,,,,
American International College,Massachusetts,"Physical Therapists,Occupational Therapists","DPT,MOT",0220,1.0,,164447,American International College,Springfield,MA,Private nonprofit,www.aic.edu/,City: Midsize,17,4,1097,0.969,,,,,,,,,,
Anderson University,South Carolina,Physical Therapists,DPT,4112,1.0,,217633,Anderson University,Anderson,SC,Private nonprofit,https://www.andersonuniversity.edu/,City: Small,18,4,3080,0.5281,,,,,,,,,,
Andrews University,Michigan,Physical Therapists,DPT,2301,1.0,,168740,Andrews University,Berrien Springs,MI,Private nonprofit,https://www.andrews.edu/,Town: Fringe,17,4,1262,0.874,,,,,,,,,,
Angelo State University,Texas,Physical Therapists,DPT,4430,1.0,,222831,Angelo State University,San Angelo,TX,Public,www.angelo.edu/,City: Small,18,4,5515,0.7923,,,,,,,,,,
Arcadia University,Pennsylvania,Physical Therapists,DPT,3901,1.0,,211088,Arcadia University,Glenside,PA,Private nonprofit,https://www.arcadia.edu/,Suburb: Large,18,4,1799,0.7919,,,,,,,,,,
Arcadia University - Online Hybrid DPT Program,Pennsylvania,Physical Therapists,DPT,3945,0.0,no results,,,,,,,,,,,,,,,,,,,,,
Arkansas Colleges of Health Education,Arkansas,Physical Therapists,DPT,0413,1.0,,488527,Arkansas Colleges of Health Education,Fort Smith,AR,Private nonprofit,achehealth.edu/,City: Small,25,4,,,,,,,,,,,,
Arkansas State University,Arkansas,Physical Therapists,DPT,0405,1.0,,106458,Arkansas State University,Jonesboro,AR,Public,www.astate.edu/,City: Small,16,4,7994,0.6967,,,,,,,,,,
"Arkansas State University, Jonesboro",Arkansas,Occupational Therapists,OTD,,0.0,no results,,,,,,,,,,,,,,,,,,,,,
Army - Baylor University,Texas,Physical Therapists,DPT,4407,0.0,no results,,,,,,,,,,,,,,,,,,,,,
Augusta University,Georgia,"Physical Therapists,Occupational Therapists","DPT,MOT",1103,1.0,,482149,Augusta University,Augusta,GA,Public,www.augusta.edu/,City: Midsize,16,4,5282,0.8931,,,,,,,,,,
Augustana University,South Dakota,Physical Therapists,DPT,4203,1.0,,219000,Augustana University,Sioux Falls,SD,Private nonprofit,www.augie.edu/,City: Midsize,19,4,1818,0.5925,,,,,,,,,,
Azusa Pacific University,California,Physical Therapists,DPT,0523,1.0,,109785,Azusa Pacific University,Azusa,CA,Private nonprofit,www.apu.edu/,Suburb: Large,16,4,2977,0.7948,,,,,,,,,,
Baker College Center for Graduate Studies,Michigan,Occupational Therapists,MOT,,0.0,no results,,,,,,,,,,,,,,,,,,,,,
Barry University,Florida,Occupational Therapists,MOT,,1.0,,132471,Barry University,Miami,FL,Private nonprofit,www.barry.edu/,Suburb: Large,17,4,2245,0.5907,,,,,,,,,,
Bay Path University-East Longmeadow Campus,Massachusetts,Occupational Therapists,MOT,,0.0,no results,,,,,,,,,,,,,,,,,,,,,
Baylor University,Texas,"Physical Therapists,Occupational Therapists","DPT,OTD",4451,1.0,,223232,Baylor University,Waco,TX,Private nonprofit,www.baylor.edu/,City: Midsize,15,4,15007,0.5099,,,,,,,,,,
Bellarmine University,Kentucky,Physical Therapists,DPT,1808,1.0,,156286,Bellarmine University,Louisville,KY,Private nonprofit,https://www.bellarmine.edu/,City: Large,17,4,2286,0.9359,,,,,,,,,,
Bellin College,Wisconsin,Physical Therapists,DPT,4997,1.0,,238324,Bellin College,Green Bay,WI,Private nonprofit,https://www.bellincollege.edu/,Suburb: Midsize,26,4,338,1,,,,,,,,,,
Belmont University,Tennessee,"Physical Therapists,Occupational Therapists","DPT,OTD,MOT",4312,1.0,,219709,Belmont University,Nashville,TN,Private nonprofit,https://www.belmont.edu/,City: Large,17,4,7306,0.9636,,,,,,,,,,
Boston University,Massachusetts,Physical Therapists,DPT,0201,1.0,,164988,Boston University,Boston,MA,Private nonprofit,www.bu.edu/,City: Large,15,4,17850,0.1085,,,,,,,,,,
"Boston University, College of Health & Rehabilitation Sciences (Sargent College)",Massachusetts,Occupational Therapists,OTD,,0.0,no results,,,,,,,,,,,,,,,,,,,,,
Bowling Green State University,Ohio,Physical Therapists,DPT,3644,0.857,,201432,Bowling Green State University-Firelands,Huron,OH,Public,https://www.firelands.bgsu.edu/,Rural: Fringe,5,3,1134,,,,,,,,,,,
Bradley University,Illinois,Physical Therapists,DPT,1411,1.0,,143358,Bradley University,Peoria,IL,Private nonprofit,www.bradley.edu/,City: Midsize,17,4,3865,0.7666,,,,,,,,,,
Brenau University,Georgia,"Physical Therapists,Occupational Therapists","DPT,MOT",1118,1.0,,139199,Brenau University,Gainesville,GA,Private nonprofit,https://www.brenau.edu/,City: Small,17,4,981,0.8696,,,,,,,,,,
"Brenau University, North Atlanta, Norcross Campus",Georgia,Occupational Therapists,OTD,,0.0,no results,,,,,,,,,,,,,,,,,,,,,
Briar Cliff University,Iowa,Physical Therapists,DPT,1612,1.0,,152992,Briar Cliff University,Sioux City,IA,Private nonprofit,www.briarcliff.edu/,City: Small,17,4,626,,,,,,,,,,,
Cabarrus College of Health Sciences,North Carolina,Occupational Therapists,MOT,,1.0,,198109,Cabarrus College of Health Sciences,Concord,NC,Private nonprofit,https://cabarruscollege.edu/,City: Midsize,26,4,602,0.4921,,,,,,,,,,
"California State University, Dominguez Hills",California,Occupational Therapists,MOT,,0.966,,110547,California State University-Dominguez Hills,Carson,CA,Public,https://www.csudh.edu/,City: Small,18,4,12642,0.9132,,,,,,,,,,
"California State University, Fresno",California,Physical Therapists,DPT,0501,0.957,,110556,California State University-Fresno,Fresno,CA,Public,www.fresnostate.edu/,City: Large,16,4,21070,0.9638,,,,,,,,,,
"California State University, Long Beach",California,Physical Therapists,DPT,0502,0.961,,110583,California State University-Long Beach,Long Beach,CA,Public,www.csulb.edu/,City: Large,16,4,34131,0.4712,,,,,,,,,,
"California State University, Northridge",California,Physical Therapists,DPT,0503,0.961,,110608,California State University-Northridge,Northridge,CA,Public,https://www.csun.edu/,City: Large,18,4,32357,0.9315,,,,,,,,,,
"California State University, Sacramento",California,Physical Therapists,DPT,0521,0.961,,110617,California State University-Sacramento,Sacramento,CA,Public,https://www.csus.edu/,City: Large,18,4,27867,0.9362,,,,,,,,,,
Campbell University,North Carolina,Physical Therapists,DPT,3418,1.0,,198136,Campbell University,Buies Creek,NC,Private nonprofit,https://www.campbell.edu/,Town: Fringe,17,4,2790,0.9429,,,,,,,,,,
Carlow University,Pennsylvania,Occupational Therapists,MOT,,1.0,,211431,Carlow University,Pittsburgh,PA,Private nonprofit,www.carlow.edu/,City: Large,18,4,1336,0.871,,,,,,,,,,
Carroll University,Wisconsin,"Physical Therapists,Occupational Therapists","DPT,MOT",5011,1.0,,238458,Carroll University,Waukesha,WI,Private nonprofit,https://www.carrollu.edu/,City: Small,18,4,2525,0.5841,,,,,,,,,,
Cedar Crest College,Pennsylvania,Occupational Therapists,OTD,,1.0,,211468,Cedar Crest College,Allentown,PA,Private nonprofit,www.cedarcrest.edu/,City: Midsize,20,4,857,0.9913,,,,,,,,,,
Central Michigan University,Michigan,Physical Therapists,DPT,2315,1.0,,169248,Central Michigan University,Mount Pleasant,MI,Public,https://www.cmich.edu/,Town: Distant,16,4,9916,0.9101,,,,,,,,,,
Central Michigan University - EXPANSION PROGRAM  at Michigan Technological University,Michigan,Physical Therapists,DPT,2322,0.0,no results,,,,,,,,,,,,,,,,,,,,,
Chapman University,California,Physical Therapists,DPT,0504,1.0,,111948,Chapman University,Orange,CA,Private nonprofit,https://www.chapman.edu/,City: Midsize,16,4,7629,0.5561,,,,,,,,,,
Charleston Southern University,South Carolina,Physical Therapists,DPT,4113,1.0,,217688,Charleston Southern University,Charleston,SC,Private nonprofit,https://www.charlestonsouthern.edu/,City: Midsize,19,4,2716,0.7609,,,,,,,,,,
Chatham University,Pennsylvania,"Physical Therapists,Occupational Therapists","DPT,OTD",3921,1.0,,211556,Chatham University,Pittsburgh,PA,Private nonprofit,www.chatham.edu/,City: Large,17,4,1252,0.7011,,,,,,,,,,
Chicago State University,Illinois,Occupational Therapists,MOT,,1.0,,144005,Chicago State University,Chicago,IL,Public,www.csu.edu/,City: Large,18,4,1414,0.4052,,,,,,,,,,
Clarke University,Iowa,Physical Therapists,DPT,1608,1.0,,153126,Clarke University,Dubuque,IA,Private nonprofit,www.clarke.edu/,City: Small,17,4,782,0.6816,,,,,,,,,,
Clarkson University,New York,"Physical Therapists,Occupational Therapists","DPT,MOT",0137,1.0,,190044,Clarkson University,Potsdam,NY,Private nonprofit,https://www.clarkson.edu/,Town: Remote,16,4,2449,0.7716,,,,,,,,,,
Cleveland State University,Ohio,"Physical Therapists,Occupational Therapists","DPT,OTD",3601,1.0,,202134,Cleveland State University,Cleveland,OH,Public,www.csuohio.edu/,City: Large,16,4,9077,0.9548,,,,,,,,,,
College of Saint Mary,Nebraska,Occupational Therapists,"OTD,MOT",,1.0,,181604,College of Saint Mary,Omaha,NE,Private nonprofit,https://www.csm.edu/,City: Large,19,4,455,0.4395,,,,,,,,,,
College of St Scholastica,Minnesota,Physical Therapists,DPT,2401,0.877,,174899,The College of Saint Scholastica,Duluth,MN,Private nonprofit,www.css.edu/,City: Small,17,4,1725,0.9378,,,,,,,,,,
College of St. Mary,Nebraska,Physical Therapists,DPT,2809,0.9,,181604,College of Saint Mary,Omaha,NE,Private nonprofit,https://www.csm.edu/,City: Large,19,4,455,0.4395,,,,,,,,,,
College of St. Scholastica,Minnesota,Occupational Therapists,MOT,,0.862,,174899,The College of Saint Scholastica,Duluth,MN,Private nonprofit,www.css.edu/,City: Small,17,4,1725,0.9378,,,,,,,,,,
Colorado Mesa University,Colorado,Occupational Therapists,MOT,,1.0,,127556,Colorado Mesa University,Grand Junction,CO,Public,www.coloradomesa.edu/,City: Small,22,4,7604,0.8139,,,,,,,,,,
Colorado State University,Colorado,Occupational Therapists,MOT,,0.877,,128106,Colorado State University Pueblo,Pueblo,CO,Public,https://www.csupueblo.edu/,City: Midsize,19,4,3028,0.9984,,,,,,,,,,
Columbia University,New York,"Physical Therapists,Occupational Therapists","DPT,MOT",0101,0.655,,196468,Teachers College at Columbia University,New York,NY,Private nonprofit,www.tc.columbia.edu/,City: Large,16,4,,,,,,,,,,,,
Concordia University - Ann Arbor,Michigan,Physical Therapists,DPT,2327,0.968,,169363,Concordia University Ann Arbor,Ann Arbor,MI,Private nonprofit,https://www.cuaa.edu/,City: Midsize,20,4,918,0.7209,,,,,,,,,,
Concordia University - Saint Paul,Minnesota,Physical Therapists,DPT,2412,0.969,,173328,Concordia University-Saint Paul,Saint Paul,MN,Private nonprofit,https://www.csp.edu/,City: Large,18,4,2786,0.7487,,,,,,,,,,
Concordia University Wisconsin,Wisconsin,"Physical Therapists,Occupational Therapists","DPT,OTD,MOT",5008,0.967,,238616,Concordia University-Wisconsin,Mequon,WI,Private nonprofit,https://www.cuw.edu/,Suburb: Large,17,4,2310,0.6753,,,,,,,,,,
Concordia University Wisconsin - Expansion Program,Wisconsin,Physical Therapists,DPT,4996,0.0,no results,,,,,,,,,,,,,,,,,,,,,
Cox College,Missouri,Occupational Therapists,MOT,,1.0,,176770,Cox College,Springfield,MO,Private nonprofit,https://coxcollege.edu/,City: Midsize,26,4,634,0.7143,,,,,,,,,,
Creighton University,Nebraska,"Physical Therapists,Occupational Therapists","DPT,OTD",2804,1.0,,181002,Creighton University,Omaha,NE,Private nonprofit,https://www.creighton.edu/,City: Large,16,4,4231,0.7231,,,,,,,,,,
Creighton University-Arizona Health Education Alliance,Arizona,Physical Therapists,DPT,0313,0.0,no results,,,,,,,,,,,,,,,,,,,,,
D'youville College,New York,Physical Therapists,DPT,0121,0.0,no results,,,,,,,,,,,,,,,,,,,,,
Daemen University,New York,Physical Therapists,DPT,0102,1.0,,190725,Daemen University,Amherst,NY,Private nonprofit,www.daemen.edu/,Suburb: Large,17,4,1761,0.7616,,,,,,,,,,
Davenport University,Michigan,Occupational Therapists,MOT,,1.0,,169479,Davenport University,Grand Rapids,MI,Private nonprofit,www.davenport.edu/,Suburb: Large,18,4,3213,0.9705,,,,,,,,,,
DePaul University,Illinois,Occupational Therapists,MOT,,1.0,,144740,DePaul University,Chicago,IL,Private nonprofit,https://www.depaul.edu/,City: Large,16,4,14283,0.7353,,,,,,,,,,
DeSales University,Pennsylvania,Physical Therapists,DPT,3942,0.0,no results,,,,,,,,,,,,,,,,,,,,,
Delaware State University,Delaware,Occupational Therapists,MOT,,1.0,,130934,Delaware State University,Dover,DE,Public,www.desu.edu/,City: Small,19,4,4630,0.6167,,,,,,,,,,
Des Moines University - Osteopathic Medical Center,Iowa,Physical Therapists,DPT,1602,0.98,,154156,Des Moines University-Osteopathic Medical Center,West Des Moines,IA,Private nonprofit,www.dmu.edu/,Rural: Fringe,25,4,,,,,,,,,,,,
Dominican University New York,New York,"Physical Therapists,Occupational Therapists","DPT,MOT",0139,1.0,,190761,Dominican University New York,Orangeburg,NY,Private nonprofit,www.duny.edu/,Suburb: Large,17,4,1083,0.7883,,,,,,,,,,
Dominican University of California,California,Occupational Therapists,MOT,,1.0,,113698,Dominican University of California,San Rafael,CA,Private nonprofit,https://www.dominican.edu/,City: Small,19,4,1178,0.9562,,,,,,,,,,
Drake University,Iowa,Occupational Therapists,OTD,,1.0,,153269,Drake University,Des Moines,IA,Private nonprofit,www.drake.edu/,City: Midsize,17,4,2669,0.6413,,,,,,,,,,
Drexel University,Pennsylvania,Physical Therapists,DPT,3902,1.0,,212054,Drexel University,Philadelphia,PA,Private nonprofit,https://drexel.edu/,City: Large,15,4,13509,0.7753,,,,,,,,,,
Duke University,North Carolina,Physical Therapists,DPT,3401,1.0,,198419,Duke University,Durham,NC,Private nonprofit,www.duke.edu/,City: Large,15,4,6417,0.0678,,,,,,,,,,
Duke University School of Medicine,North Carolina,Occupational Therapists,OTD,,0.0,no results,,,,,,,,,,,,,,,,,,,,,
Duquesne University,Pennsylvania,"Physical Therapists,Occupational Therapists","DPT,OTD,MOT",3917,1.0,,212106,Duquesne University,Pittsburgh,PA,Private nonprofit,www.duq.edu/,City: Large,16,4,5216,0.7885,,,,,,,,,,
D’Youville University,New York,Occupational Therapists,MOT,,0.0,no results,,,,,,,,,,,,,,,,,,,,,
East Carolina University,North Carolina,"Physical Therapists,Occupational Therapists","DPT,MOT",3402,1.0,,198464,East Carolina University,Greenville,NC,Public,https://www.ecu.edu/,City: Small,16,4,19857,0.9006,,,,,,,,,,
East Tennessee State University,Tennessee,Physical Therapists,DPT,4310,1.0,,220075,East Tennessee State University,Johnson City,TN,Public,https://www.etsu.edu/,City: Small,16,4,9807,0.8706,,,,,,,,,,
Eastern Kentucky University,Kentucky,Occupational Therapists,"OTD,MOT",,1.0,,156620,Eastern Kentucky University,Richmond,KY,Public,https://www.eku.edu/,Town: Distant,17,4,11674,0.7809,,,,,,,,,,
Eastern Michigan University,Michigan,Occupational Therapists,MOT,,1.0,,169798,Eastern Michigan University,Ypsilanti,MI,Public,www.emich.edu/,Suburb: Large,16,4,10751,0.8135,,,,,,,,,,
Eastern Washington University,Washington,"Physical Therapists,Occupational Therapists","DPT,MOT",4801,1.0,,235097,Eastern Washington University,Cheney,WA,Public,www.ewu.edu/,Town: Fringe,18,4,6517,0.9177,,,,,,,,,,
Elizabethtown College,Pennsylvania,Occupational Therapists,"OTD,MOT",,1.0,,212197,Elizabethtown College,Elizabethtown,PA,Private nonprofit,www.etown.edu/,Suburb: Large,20,4,1815,0.7677,,,,,,,,,,
Elmhurst University,Illinois,Occupational Therapists,MOT,,1.0,,144962,Elmhurst University,Elmhurst,IL,Private nonprofit,www.elmhurst.edu/,Suburb: Large,18,4,2954,0.7574,,,,,,,,,,
Elon University,North Carolina,Physical Therapists,DPT,3414,1.0,,198516,Elon University,Elon,NC,Private nonprofit,https://www.elon.edu/,Suburb: Midsize,17,4,6402,0.6731,,,,,,,,,,
Emory University,Georgia,Physical Therapists,DPT,1101,1.0,,139658,Emory University,Atlanta,GA,Private nonprofit,www.emory.edu/,City: Large,15,4,7275,0.111,,,,,,,,,,
Emory and Henry College,Virginia,Physical Therapists,DPT,0021,0.0,no results,,,,,,,,,,,,,,,,,,,,,
"Emory and Henry University, Marion Campus",Virginia,Occupational Therapists,OTD,,0.0,no results,,,,,,,,,,,,,,,,,,,,,
Faulkner University,Alabama,Physical Therapists,DPT,3317,1.0,,101189,Faulkner University,Montgomery,AL,Private nonprofit,www.faulkner.edu/,City: Midsize,18,4,1555,0.6613,,,,,,,,,,
Florida Agricultural and Mechanical University,Florida,"Physical Therapists,Occupational Therapists","DPT,MOT",1001,1.0,,133650,Florida Agricultural and Mechanical University,Tallahassee,FL,Public,www.famu.edu/,City: Midsize,16,4,7516,0.2112,,,,,,,,,,
Florida Gulf Coast University,Florida,"Physical Therapists,Occupational Therapists","DPT,MOT",1029,1.0,,433660,Florida Gulf Coast University,Fort Myers,FL,Public,www.fgcu.edu/,Suburb: Large,17,4,13809,0.7675,,,,,,,,,,
Florida International University,Florida,"Physical Therapists,Occupational Therapists","DPT,MOT",1002,1.0,,133951,Florida International University,Miami,FL,Public,www.fiu.edu/,Suburb: Large,15,4,38761,0.5884,,,,,,,,,,
Florida Southern College,Florida,Physical Therapists,DPT,1060,1.0,,134079,Florida Southern College,Lakeland,FL,Private nonprofit,www.flsouthern.edu/,City: Midsize,19,4,2607,0.5907,,,,,,,,,,
Franciscan Missionaries of Our Lady University,Louisiana,Physical Therapists,DPT,1907,1.0,,160074,Franciscan Missionaries of Our Lady University,Baton Rouge,LA,Private nonprofit,www.franu.edu/,City: Midsize,26,4,826,0.8294,,,,,,,,,,
Franklin Pierce University - AZ,Arizona,Physical Therapists,DPT,0307,0.912,,182795,Franklin Pierce University,Rindge,NH,Private nonprofit,https://www.franklinpierce.edu/,Rural: Distant,19,4,1055,0.9019,,,,,,,,,,
Franklin Pierce University - NH,New Hampshire,Physical Therapists,DPT,3005,0.912,,182795,Franklin Pierce University,Rindge,NH,Private nonprofit,https://www.franklinpierce.edu/,Rural: Distant,19,4,1055,0.9019,,,,,,,,,,
Gannon University,Pennsylvania,Occupational Therapists,MOT,,1.0,,212601,Gannon University,Erie,PA,Private nonprofit,www.gannon.edu/,City: Small,17,4,2467,0.767,,,,,,,,,,
Gannon University - Florida,Florida,Physical Therapists,DPT,1053,0.0,no results,,,,,,,,,,,,,,,,,,,,,
Gannon University - Pennsylvania,Pennsylvania,Physical Therapists,DPT,3918,0.0,no results,,,,,,,,,,,,,,,,,,,,,
Gannon University-Florida Campus,Florida,Occupational Therapists,OTD,,0.0,no results,,,,,,,,,,,,,,,,,,,,,
George Fox University,Oregon,Physical Therapists,DPT,3805,1.0,,208822,George Fox University,Newberg,OR,Private nonprofit,https://www.georgefox.edu/,Town: Fringe,17,4,2505,0.9641,,,,,,,,,,
George Washington University,District of Columbia,Physical Therapists,DPT,0902,1.0,,131469,George Washington University,Washington,DC,Private nonprofit,https://www.gwu.edu/,City: Large,15,4,10848,0.4354,,,,,,,,,,
Georgia Southern University,Georgia,Physical Therapists,DPT,1109,1.0,,139931,Georgia Southern University,Statesboro,GA,Public,www.georgiasouthern.edu/,Town: Distant,16,4,21029,0.8963,,,,,,,,,,
Georgia State University,Georgia,"Physical Therapists,Occupational Therapists","DPT,OTD",1102,1.0,,139940,Georgia State University,Atlanta,GA,Public,www.gsu.edu/,City: Large,15,4,27109,0.6228,,,,,,,,,,
Governors State University,Illinois,"Physical Therapists,Occupational Therapists","DPT,MOT",1420,1.0,,145336,Governors State University,University Park,IL,Public,https://www.govst.edu/,Suburb: Large,18,4,2518,,,,,,,,,,,
Graceland University,Missouri,Physical Therapists,DPT,2625,0.8,,15336602,Graceland University - Trenton,Trenton,MO,Private nonprofit,https://www.graceland.edu/,,,0,,,,,,,,,,,,
Grand Valley State University,Michigan,"Physical Therapists,Occupational Therapists","DPT,MOT",2302,1.0,,170082,Grand Valley State University,Allendale,MI,Public,www.gvsu.edu/,Town: Fringe,17,4,19073,0.9469,,,,,,,,,,
Gwynedd Mercy University,Pennsylvania,Occupational Therapists,MOT,,1.0,,212832,Gwynedd Mercy University,Gwynedd Valley,PA,Private nonprofit,https://www.gmercyu.edu/,Suburb: Large,17,4,1141,0.9361,,,,,,,,,,
Hampton University,Virginia,Physical Therapists,DPT,0011,1.0,,232265,Hampton University,Hampton,VA,Private nonprofit,www.hamptonu.edu/,Suburb: Large,17,4,3254,0.4827,,,,,,,,,,
Hanover College,Indiana,Physical Therapists,DPT,1516,1.0,,150756,Hanover College,Hanover,IN,Private nonprofit,www.hanover.edu/,Town: Distant,21,4,958,0.8397,,,,,,,,,,
Hardin-Simmons University,Texas,Physical Therapists,DPT,4422,1.0,,225247,Hardin-Simmons University,Abilene,TX,Private nonprofit,https://www.hsutx.edu/,City: Midsize,17,4,1275,0.9653,,,,,,,,,,
Harding University,Arkansas,Physical Therapists,DPT,0409,1.0,,107044,Harding University,Searcy,AR,Private nonprofit,www.harding.edu/,Town: Distant,17,4,3323,1,,,,,,,,,,
Hawaii Pacific University,Hawaii,Physical Therapists,DPT,1202,1.0,,141644,Hawaii Pacific University,Honolulu,HI,Private nonprofit,https://www.hpu.edu/,City: Large,18,4,2502,0.8448,,,,,,,,,,
High Point University,North Carolina,Physical Therapists,DPT,3421,1.0,,198695,High Point University,High Point,NC,Private nonprofit,www.highpoint.edu/,City: Midsize,22,4,4970,0.7683,,,,,,,,,,
Hofstra University,New York,Occupational Therapists,MOT,,1.0,,191649,Hofstra University,Hempstead,NY,Private nonprofit,www.hofstra.edu/,Suburb: Large,17,4,6155,0.7059,,,,,,,,,,
Howard University,District of Columbia,"Physical Therapists,Occupational Therapists","DPT,OTD",0901,1.0,,131520,Howard University,Washington,DC,Private nonprofit,www.howard.edu/,City: Large,16,4,9604,0.3489,,,,,,,,,,
Hunter College (CUNY),New York,Physical Therapists,DPT,0103,0.7,,190594,CUNY Hunter College,New York,NY,Public,www.hunter.cuny.edu/,City: Large,18,4,16642,0.5405,,,,,,,,,,
Huntington University,Indiana,Occupational Therapists,OTD,,1.0,,150941,Huntington University,Huntington,IN,Private nonprofit,www.huntington.edu/,Town: Distant,20,4,1016,0.7115,,,,,,,,,,
"Huntington University, Peoria",Arizona,Occupational Therapists,OTD,,0.0,no results,,,,,,,,,,,,,,,,,,,,,
Husson University,Maine,"Physical Therapists,Occupational Therapists","DPT,MOT",2003,1.0,,487524,Husson University,Bangor,ME,Private nonprofit,www.husson.edu/,City: Small,17,4,2395,0.8643,,,,,,,,,,
Idaho State University,Idaho,"Physical Therapists,Occupational Therapists","DPT,MOT",1301,1.0,,142276,Idaho State University,Pocatello,ID,Public,www.isu.edu/,City: Small,16,4,7260,,,,,,,,,,,
Indiana State University,Indiana,"Physical Therapists,Occupational Therapists","DPT,MOT",1514,1.0,,151324,Indiana State University,Terre Haute,IN,Public,https://indianastate.edu/,City: Small,17,4,6620,0.915,,,,,,,,,,
Indiana University,Indiana,"Physical Therapists,Occupational Therapists","DPT,OTD",1501,0.857,,151324,Indiana State University,Terre Haute,IN,Public,https://indianastate.edu/,City: Small,17,4,6620,0.915,,,,,,,,,,
"Indiana University, South Bend",Indiana,Occupational Therapists,MOT,,0.949,,151342,Indiana University-South Bend,South Bend,IN,Public,https://southbend.iu.edu/,City: Midsize,19,4,3807,0.8599,,,,,,,,,,
Indiana Wesleyan University,Indiana,"Physical Therapists,Occupational Therapists","DPT,OTD",1517,0.885,,151801,Indiana Wesleyan University-Marion,Marion,IN,Private nonprofit,https://www.indwes.edu/,Town: Distant,20,4,1927,0.8221,,,,,,,,,,
Iona University,New York,Occupational Therapists,MOT,,1.0,,191931,Iona University,New Rochelle,NY,Private nonprofit,www.iona.edu/,Suburb: Large,18,4,2731,0.9114,,,,,,,,,,
Ithaca College,New York,"Physical Therapists,Occupational Therapists","DPT,MOT",0104,1.0,,191968,Ithaca College,Ithaca,NY,Private nonprofit,https://www.ithaca.edu/,Suburb: Small,18,4,4350,0.6994,,,,,,,,,,
Jacksonville University,Florida,Occupational Therapists,OTD,,1.0,,134945,Jacksonville University,Jacksonville,FL,Private nonprofit,https://www.ju.edu/index.php,City: Large,18,4,2649,0.5729,,,,,,,,,,
James Madison University,Virginia,Occupational Therapists,MOT,,1.0,,232423,James Madison University,Harrisonburg,VA,Public,www.jmu.edu/index.shtml,City: Small,16,4,20497,0.7625,,,,,,,,,,
"Johnson & Wales University, Providence",Rhode Island,Occupational Therapists,OTD,,0.96,,217235,Johnson & Wales University-Providence,Providence,RI,Private nonprofit,https://www.jwu.edu/campuses/providence/,City: Midsize,18,4,3913,0.837,,,,,,,,,,
Kean University,New Jersey,"Physical Therapists,Occupational Therapists","DPT,OTD,MOT",3111,1.0,,185262,Kean University,Union,NJ,Public,https://www.kean.edu/,Suburb: Large,17,4,10842,0.7688,,,,,,,,,,
"Keiser University, Fort Myers",Florida,Occupational Therapists,MOT,,0.0,no results,,,,,,,,,,,,,,,,,,,,,
"Keiser University, Ft. Lauderdale Campus",Florida,Occupational Therapists,MOT,,0.0,no results,,,,,,,,,,,,,,,,,,,,,
Kettering College,Ohio,Occupational Therapists,OTD,,1.0,,203544,Kettering College,Kettering,OH,Private nonprofit,kc.edu/,City: Small,26,4,543,0.8286,,,,,,,,,,
Keuka College,New York,Occupational Therapists,MOT,,1.0,,192192,Keuka College,Keuka Park,NY,Private nonprofit,https://www.keuka.edu/,Town: Distant,19,4,920,0.9388,,,,,,,,,,
Langston University,Oklahoma,Physical Therapists,DPT,3701,1.0,,207209,Langston University,Langston,OK,Public,www.langston.edu/,Rural: Distant,20,4,1743,,,,,,,,,,,
Le Moyne College,New York,Occupational Therapists,MOT,,1.0,,192323,Le Moyne College,Syracuse,NY,Private nonprofit,www.lemoyne.edu/,Suburb: Large,18,4,2434,0.7529,,,,,,,,,,
Lebanon Valley College,Pennsylvania,Physical Therapists,DPT,3932,1.0,,213507,Lebanon Valley College,Annville,PA,Private nonprofit,www.lvc.edu/,Suburb: Small,20,4,1670,0.7453,,,,,,,,,,
Lenoir-Rhyne University,North Carolina,Occupational Therapists,MOT,,1.0,,198835,Lenoir-Rhyne University,Hickory,NC,Private nonprofit,www.lr.edu/,City: Small,18,4,1348,0.8068,,,,,,,,,,
Lewis University,Illinois,Occupational Therapists,MOT,,1.0,,146612,Lewis University,Romeoville,IL,Private nonprofit,www.lewisu.edu/,Suburb: Large,18,4,3665,0.7273,,,,,,,,,,
Lincoln Memorial University,Tennessee,"Physical Therapists,Occupational Therapists","DPT,OTD",4319,1.0,,220631,Lincoln Memorial University,Harrogate,TN,Private nonprofit,www.lmunet.edu/,Town: Distant,17,4,1487,0.5927,,,,,,,,,,
Loma Linda University,California,Physical Therapists,DPT,0505,1.0,,117636,Loma Linda University,Loma Linda,CA,Private nonprofit,www.llu.edu/index.html,Suburb: Large,16,4,867,,,,,,,,,,,
Loma Linda University Health,California,Occupational Therapists,MOT,,0.0,no results,,,,,,,,,,,,,,,,,,,,,
Long Island University - Brooklyn Campus,New York,Physical Therapists,DPT,0105,0.0,no results,,,,,,,,,,,,,,,,,,,,,
"Long Island University, Brooklyn",New York,Occupational Therapists,MOT,,0.0,no results,,,,,,,,,,,,,,,,,,,,,
Louisiana State Univ Health Sciences Center -  Shreveport,Louisiana,Physical Therapists,DPT,1905,0.923,,435000,Louisiana State University Health Sciences Center-Shreveport,Shreveport,LA,Public,https://www.lsuhs.edu/,City: Midsize,25,4,20,,,,,,,,,,,
Louisiana State Univ Health Sciences Center - New  Orleans,Louisiana,Physical Therapists,DPT,1901,0.924,,159373,Louisiana State University Health Sciences Center-New Orleans,New Orleans,LA,Public,www.lsuhsc.edu/,City: Large,25,4,843,,,,,,,,,,,
Louisiana State University Health New Orleans,Louisiana,Occupational Therapists,MOT,,0.849,,159373,Louisiana State University Health Sciences Center-New Orleans,New Orleans,LA,Public,www.lsuhsc.edu/,City: Large,25,4,843,,,,,,,,,,,
MCPHS University,Massachusetts,Physical Therapists,DPT,0222,1.0,,166656,MCPHS University,Boston,MA,Private nonprofit,www.mcphs.edu/,City: Large,26,4,3474,0.8521,,,,,,,,,,
"MCPHS University, Manchester Campus",New Hampshire,Occupational Therapists,MOT,,0.0,no results,,,,,,,,,,,,,,,,,,,,,
MGH Institute of Health Professions,Massachusetts,"Physical Therapists,Occupational Therapists","DPT,OTD",0219,1.0,,166869,MGH Institute of Health Professions,Boston,MA,Private nonprofit,www.mghihp.edu/,City: Large,26,4,112,,,,,,,,,,,
Maria College,New York,Occupational Therapists,MOT,,0.812,,197142,Villa Maria College,Buffalo,NY,Private nonprofit,https://www.villa.edu/,City: Small,22,3,536,0.8668,,,,,,,,,,
Marist College,New York,Physical Therapists,DPT,0144,0.0,no results,,,,,,,,,,,,,,,,,,,,,
Marquette University,Wisconsin,"Physical Therapists,Occupational Therapists","DPT,OTD",5001,1.0,,239105,Marquette University,Milwaukee,WI,Private nonprofit,www.marquette.edu/,City: Large,16,4,7238,0.8744,,,,,,,,,,
Marshall University,West Virginia,Physical Therapists,DPT,4908,1.0,,237525,Marshall University,Huntington,WV,Public,https://www.marshall.edu/,City: Small,16,4,7149,0.9646,,,,,,,,,,
Mary Baldwin University,Virginia,"Physical Therapists,Occupational Therapists","DPT,OTD",0020,1.0,,232672,Mary Baldwin University,Staunton,VA,Private nonprofit,https://www.marybaldwin.edu/,City: Small,17,4,1188,,,,,,,,,,,
Marymount University,Virginia,Physical Therapists,DPT,0010,1.0,,232706,Marymount University,Arlington,VA,Private nonprofit,https://www.marymount.edu/,City: Midsize,17,4,1795,0.8052,,,,,,,,,,
Maryville University,Missouri,Occupational Therapists,MOT,,0.727,,178059,Maryville University of Saint Louis,Saint Louis,MO,Private nonprofit,https://www.maryville.edu/,Suburb: Large,17,4,5988,0.9369,,,,,,,,,,
Maryville University of Saint Louis,Missouri,Physical Therapists,DPT,2601,1.0,,178059,Maryville University of Saint Louis,Saint Louis,MO,Private nonprofit,https://www.maryville.edu/,Suburb: Large,17,4,5988,0.9369,,,,,,,,,,
Mayo Clinic School of Health Sciences,Minnesota,Physical Therapists,DPT,2402,0.0,no results,,,,,,,,,,,,,,,,,,,,,
Medical University of South Carolina,South Carolina,"Physical Therapists,Occupational Therapists","DPT,OTD",4101,1.0,,218335,Medical University of South Carolina,Charleston,SC,Public,https://web.musc.edu/,City: Midsize,27,4,281,,,,,,,,,,,
Mercer University,Georgia,Physical Therapists,DPT,1115,1.0,,140447,Mercer University,Macon,GA,Private nonprofit,https://www.mercer.edu/,City: Midsize,16,4,4620,0.6646,,,,,,,,,,
Mercy University,New York,"Physical Therapists,Occupational Therapists","DPT,MOT",0126,1.0,,193016,Mercy University,Dobbs Ferry,NY,Private nonprofit,https://www.mercy.edu/,Suburb: Large,18,4,5539,0.8547,,,,,,,,,,
Messiah University,Pennsylvania,"Physical Therapists,Occupational Therapists","DPT,MOT",3944,1.0,,213996,Messiah University,Mechanicsburg,PA,Private nonprofit,www.messiah.edu/,Suburb: Large,18,4,2318,0.7848,,,,,,,,,,
Methodist University,North Carolina,"Physical Therapists,Occupational Therapists","DPT,OTD",3422,1.0,,198969,Methodist University,Fayetteville,NC,Private nonprofit,www.methodist.edu/,City: Midsize,20,4,1425,0.752,,,,,,,,,,
Middle Georgia State University,Georgia,Occupational Therapists,MOT,,1.0,,482158,Middle Georgia State University,Macon,GA,Public,https://www.mga.edu/,City: Midsize,19,4,6655,0.9977,,,,,,,,,,
Midwestern University - AZ,Arizona,Physical Therapists,DPT,0312,0.821,,423643,Midwestern University-Glendale,Glendale,AZ,Private nonprofit,https://www.midwestern.edu/,Suburb: Large,25,4,,,,,,,,,,,,
Midwestern University - IL,Illinois,Physical Therapists,DPT,1417,0.721,,143853,Midwestern University-Downers Grove,Downers Grove,IL,Private nonprofit,https://www.midwestern.edu/,City: Small,25,4,,,,,,,,,,,,
"Midwestern University, Downers Grove",Illinois,Occupational Therapists,OTD,,0.958,,143853,Midwestern University-Downers Grove,Downers Grove,IL,Private nonprofit,https://www.midwestern.edu/,City: Small,25,4,,,,,,,,,,,,
"Midwestern University, Glendale",Arizona,Occupational Therapists,MOT,,0.951,,423643,Midwestern University-Glendale,Glendale,AZ,Private nonprofit,https://www.midwestern.edu/,Suburb: Large,25,4,,,,,,,,,,,,
Milligan University,Tennessee,Occupational Therapists,MOT,,1.0,,486901,Milligan University,Milligan,TN,Private nonprofit,www.milligan.edu/,Suburb: Midsize,19,4,783,0.7027,,,,,,,,,,
Misericordia University,Pennsylvania,"Physical Therapists,Occupational Therapists","DPT,MOT",3920,1.0,,214069,Misericordia University,Dallas,PA,Private nonprofit,www.misericordia.edu/,Suburb: Large,17,4,1632,0.8489,,,,,,,,,,
Missouri State University,Missouri,"Physical Therapists,Occupational Therapists","DPT,MOT",2616,0.862,,178387,Missouri Western State University,Saint Joseph,MO,Public,https://www.missouriwestern.edu/,City: Small,20,4,2372,,,,,,,,,,,
Monmouth University,New Jersey,Occupational Therapists,OTD,,1.0,,185572,Monmouth University,West Long Branch,NJ,Private nonprofit,https://www.monmouth.edu/,Suburb: Large,18,4,3831,0.8954,,,,,,,,,,
Moravian University,Pennsylvania,"Physical Therapists,Occupational Therapists","DPT,MOT",3946,1.0,,214157,Moravian University,Bethlehem,PA,Private nonprofit,www.moravian.edu/,City: Small,20,4,1970,0.54,,,,,,,,,,
Mount Mary University,Wisconsin,Occupational Therapists,"OTD,MOT",,1.0,,239390,Mount Mary University,Milwaukee,WI,Private nonprofit,www.mtmary.edu/,City: Large,18,4,703,0.9335,,,,,,,,,,
Mount Saint Mary's University,California,Physical Therapists,DPT,0506,1.0,,119173,Mount Saint Mary's University,Los Angeles,CA,Private nonprofit,https://www.msmu.edu/,City: Large,18,4,1746,0.6872,,,,,,,,,,
Mount St Joseph University,Ohio,Physical Therapists,DPT,3624,0.981,,204200,Mount St. Joseph University,Cincinnati,OH,Private nonprofit,www.msj.edu/,Suburb: Large,17,4,1100,0.5652,,,,,,,,,,
"Murray State University, Paducah Regional Campus",Kentucky,Occupational Therapists,MOT,,0.0,no results,,,,,,,,,,,,,,,,,,,,,
Muskingum University,Ohio,Occupational Therapists,MOT,,1.0,,204264,Muskingum University,New Concord,OH,Private nonprofit,www.muskingum.edu/,Rural: Distant,20,4,1407,0.8166,,,,,,,,,,
Nazareth University,New York,"Physical Therapists,Occupational Therapists","DPT,MOT",0138,1.0,,193584,Nazareth University,Rochester,NY,Private nonprofit,https://www2.naz.edu/,Suburb: Large,18,4,1891,0.795,,,,,,,,,,
Nebraska Methodist College,Nebraska,Occupational Therapists,MOT,,0.658,,181297,Nebraska Methodist College of Nursing & Allied Health,Omaha,NE,Private nonprofit,www.methodistcollege.edu/,City: Large,26,4,752,0.8829,,,,,,,,,,
Neumann University,Pennsylvania,Physical Therapists,DPT,3929,1.0,,214272,Neumann University,Aston,PA,Private nonprofit,https://www.neumann.edu/,Suburb: Large,19,4,1574,0.764,,,,,,,,,,
New England Institute of Technology,Rhode Island,Occupational Therapists,MOT,,1.0,,217305,New England Institute of Technology,East Greenwich,RI,Private nonprofit,https://www.neit.edu/,Suburb: Large,20,4,1712,0.7273,,,,,,,,,,
New York Institute of Technology,New York,"Physical Therapists,Occupational Therapists","DPT,OTD,MOT",0136,1.0,,194091,New York Institute of Technology,Old Westbury,NY,Private nonprofit,www.nyit.edu/,Rural: Fringe,18,4,3320,0.7808,,,,,,,,,,
New York Medical College,New York,Physical Therapists,DPT,0127,1.0,,193830,New York Medical College,Valhalla,NY,Private nonprofit,https://www.nymc.edu/,Suburb: Large,25,4,,,,,,,,,,,,
New York University,New York,"Physical Therapists,Occupational Therapists","DPT,MOT",0106,0.5,ratio below threshold,,,,,,,,,,,,,,,,,,,,,
North Central College,Illinois,"Physical Therapists,Occupational Therapists","DPT,MOT",1429,1.0,,147660,North Central College,Naperville,IL,Private nonprofit,northcentralcollege.edu/,City: Midsize,20,4,2360,0.5831,,,,,,,,,,
"Northeastern State University, Muskogee Campus",Oklahoma,Occupational Therapists,MOT,,0.0,no results,,,,,,,,,,,,,,,,,,,,,
Northeastern University,Massachusetts,Physical Therapists,DPT,0202,1.0,,167358,Northeastern University,Boston,MA,Private nonprofit,www.northeastern.edu/,City: Large,15,4,15719,0.0565,,,,,,,,,,
Northern Arizona University,Arizona,"Physical Therapists,Occupational Therapists","DPT,OTD",0301,1.0,,105330,Northern Arizona University,Flagstaff,AZ,Public,https://nau.edu/,City: Small,16,4,23041,0.9095,,,,,,,,,,
Northern Arizona University - EXPANSION PROGRAM  in PHOENIX,Arizona,Physical Therapists,DPT,0310,0.0,no results,,,,,,,,,,,,,,,,,,,,,
Northern Arizona University - Hybrid Expansion Program,Arizona,Physical Therapists,DPT,0316,0.0,no results,,,,,,,,,,,,,,,,,,,,,
Northern Illinois University,Illinois,Physical Therapists,DPT,1401,1.0,,147703,Northern Illinois University,Dekalb,IL,Public,www.niu.edu/,Suburb: Small,16,4,11277,0.7045,,,,,,,,,,
Northwestern University,Illinois,Physical Therapists,DPT,1402,1.0,,147767,Northwestern University,Evanston,IL,Private nonprofit,www.northwestern.edu/,City: Small,15,4,8960,0.0715,,,,,,,,,,
Nova Southeastern University - Ft Lauderdale,Florida,Physical Therapists,DPT,1017,0.0,no results,,,,,,,,,,,,,,,,,,,,,
Nova Southeastern University - Tampa,Florida,Physical Therapists,DPT,1035,0.0,no results,,,,,,,,,,,,,,,,,,,,,
"Nova Southeastern University, Ft. Lauderdale",Florida,Occupational Therapists,MOT,,0.0,no results,,,,,,,,,,,,,,,,,,,,,
"Nova Southeastern University, Tampa Bay Regional Campus",Florida,Occupational Therapists,OTD,,0.0,no results,,,,,,,,,,,,,,,,,,,,,
Oakland University,Michigan,Physical Therapists,DPT,2303,1.0,,171571,Oakland University,Rochester Hills,MI,Public,www.oakland.edu/,Suburb: Large,16,4,12450,0.7024,,,,,,,,,,
Ohio State University,Ohio,"Physical Therapists,Occupational Therapists","DPT,OTD",3604,0.778,,204671,Ohio State University-Lima Campus,Lima,OH,Public,lima.osu.edu/,Rural: Fringe,22,3,656,,,,,,,,,,,
Ohio University,Ohio,Physical Therapists,DPT,3603,0.75,,201964,Ohio Christian University,Circleville,OH,Private nonprofit,www.ohiochristian.edu/,Rural: Fringe,19,4,816,0.399,,,,,,,,,,
Oklahoma City University,Oklahoma,Physical Therapists,DPT,3712,1.0,,207458,Oklahoma City University,Oklahoma City,OK,Private nonprofit,www.okcu.edu/,City: Large,17,4,1433,0.7039,,,,,,,,,,
Old Dominion University,Virginia,Physical Therapists,DPT,0001,1.0,,232982,Old Dominion University,Norfolk,VA,Public,www.odu.edu/,City: Midsize,15,4,17521,0.9052,,,,,,,,,,
Oregon State University - Cascades,Oregon,Physical Therapists,DPT,3807,0.877,,440828,Oregon State University-Cascades Campus,Bend,OR,Public,https://osucascades.edu/,City: Midsize,-2,4,1054,0.6844,,,,,,,,,,
Pace University - Westchester Campus,New York,Occupational Therapists,MOT,,0.0,no results,,,,,,,,,,,,,,,,,,,,,
Pacific Northwest University of Health Sciences,Washington,Physical Therapists,DPT,4811,1.0,,455406,Pacific Northwest University of Health Sciences,Yakima,WA,Private nonprofit,https://www.pnwu.edu/,Suburb: Midsize,25,4,,,,,,,,,,,,
Pacific University,Oregon,"Physical Therapists,Occupational Therapists","DPT,OTD",3801,1.0,,209612,Pacific University,Forest Grove,OR,Private nonprofit,https://www.pacificu.edu/,Suburb: Large,17,4,1556,0.9176,,,,,,,,,,
"Pfeiffer University, Albemarle Campus",North Carolina,Occupational Therapists,MOT,,0.0,no results,,,,,,,,,,,,,,,,,,,,,
Philadelphia College of Osteopathic Medicine,Georgia,Physical Therapists,DPT,1119,1.0,,215123,Philadelphia College of Osteopathic Medicine,Philadelphia,PA,Private nonprofit,www.pcom.edu/,City: Large,25,4,,,,,,,,,,,,
Plymouth State University,New Hampshire,Physical Therapists,DPT,3006,1.0,,183080,Plymouth State University,Plymouth,NH,Public,www.plymouth.edu/,Town: Remote,18,4,3298,0.9103,,,,,,,,,,
Presbyterian College,South Carolina,Occupational Therapists,OTD,,1.0,,218539,Presbyterian College,Clinton,SC,Private nonprofit,https://www.presby.edu/,Town: Distant,21,4,862,0.7234,,,,,,,,,,
Quinnipiac University,Connecticut,"Physical Therapists,Occupational Therapists","DPT,OTD,MOT",0701,1.0,,130226,Quinnipiac University,Hamden,CT,Private nonprofit,www.qu.edu/,Suburb: Large,17,4,6208,0.77,,,,,,,,,,
Radford University,Virginia,"Physical Therapists,Occupational Therapists","DPT,MOT",0015,1.0,,233277,Radford University,Radford,VA,Public,https://www.radford.edu/,Town: Fringe,17,4,5609,0.9064,,,,,,,,,,
Regis College,Massachusetts,Occupational Therapists,MOT,,1.0,,167598,Regis College,Weston,MA,Private nonprofit,www.regiscollege.edu/,Suburb: Large,18,4,1061,0.8928,,,,,,,,,,
Regis University,Colorado,Physical Therapists,DPT,0606,1.0,,127918,Regis University,Denver,CO,Private nonprofit,https://www.regis.edu/,City: Large,17,4,2599,0.8727,,,,,,,,,,
Roberts Wesleyan University,New York,Occupational Therapists,OTD,,1.0,,194958,Roberts Wesleyan University,Rochester,NY,Private nonprofit,www.roberts.edu/,Suburb: Large,18,4,1065,0.7778,,,,,,,,,,
Rockhurst University,Missouri,"Physical Therapists,Occupational Therapists","DPT,OTD",2602,1.0,,179043,Rockhurst University,Kansas City,MO,Private nonprofit,https://www.rockhurst.edu/,City: Large,18,4,1702,0.6905,,,,,,,,,,
Rocky Mountain College,Montana,Occupational Therapists,OTD,,1.0,,180595,Rocky Mountain College,Billings,MT,Private nonprofit,https://www.rocky.edu/,City: Midsize,20,4,790,0.7288,,,,,,,,,,
Rocky Mountain University of Health Professions,Utah,Physical Therapists,DPT,4505,1.0,,475495,Rocky Mountain University of Health Professions,Provo,UT,For-profit,https://rm.edu/,City: Midsize,26,4,,,,,,,,,,,,
Rosalind Franklin University of Medicine and Science,Illinois,Physical Therapists,DPT,1403,1.0,,145558,Rosalind Franklin University of Medicine and Science,North Chicago,IL,Private nonprofit,www.rosalindfranklin.edu/,Suburb: Large,25,4,,,,,,,,,,,,
Rush University,Illinois,Occupational Therapists,OTD,,1.0,,148511,Rush University,Chicago,IL,Private nonprofit,www.rushu.rush.edu/,City: Large,25,4,120,,,,,,,,,,,
Russell Sage College,New York,"Physical Therapists,Occupational Therapists","DPT,OTD,MOT",0107,1.0,,195128,Russell Sage College,Troy,NY,Private nonprofit,sage.edu/,City: Small,17,4,1075,0.7619,,,,,,,,,,
"Rutgers, The State University of New Jersey",New Jersey,"Physical Therapists,Occupational Therapists","DPT,OTD",3101,0.0,no results,,,,,,,,,,,,,,,,,,,,,
SUNY (State University of NY) Downstate Health  Sciences University,New York,Physical Therapists,DPT,0109,0.0,no results,,,,,,,,,,,,,,,,,,,,,
Sacred Heart University,Connecticut,"Physical Therapists,Occupational Therapists","DPT,MOT",0706,1.0,,130253,Sacred Heart University,Fairfield,CT,Private nonprofit,https://www.sacredheart.edu/,Suburb: Large,17,4,6904,0.6768,,,,,,,,,,
Saginaw Valley State University,Michigan,Occupational Therapists,MOT,,1.0,,172051,Saginaw Valley State University,University Center,MI,Public,www.svsu.edu/,Suburb: Midsize,18,4,6004,0.7288,,,,,,,,,,
Saint Francis University,Pennsylvania,Physical Therapists,DPT,3930,1.0,,215743,Saint Francis University,Loretto,PA,Private nonprofit,www.francis.edu/,Rural: Distant,18,4,1525,0.7689,,,,,,,,,,
Saint Joseph's University,Pennsylvania,Physical Therapists,DPT,3903,0.806,,442356,Saint Joseph's University - Lancaster,Lancaster,PA,Private nonprofit,https://www.sju.edu/lancaster,Rural: Fringe,26,4,1548,0.4412,,,,,,,,,,
Saint Louis University,Missouri,Physical Therapists,DPT,2603,1.0,,179159,Saint Louis University,Saint Louis,MO,Private nonprofit,www.slu.edu/,City: Large,16,4,7324,0.8147,,,,,,,,,,
Salem State University,Massachusetts,Occupational Therapists,MOT,,1.0,,167729,Salem State University,Salem,MA,Public,www.salemstate.edu/,Suburb: Large,18,4,4286,0.9557,,,,,,,,,,
Salus University,Pennsylvania,Occupational Therapists,MOT,,1.0,,214564,Salus University,Elkins Park,PA,Private nonprofit,https://www.salus.edu/,Suburb: Large,26,4,,,,,,,,,,,,
Samford University,Alabama,Physical Therapists,DPT,3315,1.0,,102049,Samford University,Birmingham,AL,Private nonprofit,www.samford.edu/,Suburb: Large,17,4,3828,0.8223,,,,,,,,,,
Samuel Merritt University,California,"Physical Therapists,Occupational Therapists","DPT,OTD,MOT",0516,1.0,,122296,Samuel Merritt University,Oakland,CA,Private nonprofit,www.samuelmerritt.edu/,City: Large,26,4,712,,,,,,,,,,,
San Diego State University,California,Physical Therapists,DPT,0537,1.0,,122409,San Diego State University,San Diego,CA,Public,https://www.sdsu.edu/,City: Large,16,4,33654,0.3444,,,,,,,,,,
San Jose State University,California,Occupational Therapists,MOT,,1.0,,122755,San Jose State University,San Jose,CA,Public,www.sjsu.edu/,City: Large,18,4,26757,0.8023,,,,,,,,,,
Seton Hall University,New Jersey,"Physical Therapists,Occupational Therapists","DPT,MOT",3110,1.0,,186584,Seton Hall University,South Orange,NJ,Private nonprofit,https://www.shu.edu/,Suburb: Large,16,4,5924,0.789,,,,,,,,,,
Seton Hill University,Pennsylvania,Physical Therapists,DPT,3947,1.0,,215947,Seton Hill University,Greensburg,PA,Private nonprofit,www.setonhill.edu/,Suburb: Large,19,4,1581,0.7579,,,,,,,,,,
Shawnee State University,Ohio,Occupational Therapists,MOT,,1.0,,205443,Shawnee State University,Portsmouth,OH,Public,https://www.shawnee.edu/,Town: Distant,20,4,2300,,,,,,,,,,,
Shenandoah University,Virginia,"Physical Therapists,Occupational Therapists","DPT,OTD,MOT",0008,1.0,,233541,Shenandoah University,Winchester,VA,Private nonprofit,www.su.edu/,City: Small,17,4,2127,0.7784,,,,,,,,,,
Shenandoah University - EXPANSION PROGRAM at  Northern Virginia Campus,Virginia,Physical Therapists,DPT,0017,0.0,no results,,,,,,,,,,,,,,,,,,,,,
"Shenandoah University, Scholar Plaza Campus",Virginia,Occupational Therapists,MOT,,0.0,no results,,,,,,,,,,,,,,,,,,,,,
Simmons University,Massachusetts,Physical Therapists,DPT,0203,1.0,,167783,Simmons University,Boston,MA,Private nonprofit,www.simmons.edu/,City: Large,17,4,1750,0.66,,,,,,,,,,
Slippery Rock University,Pennsylvania,Occupational Therapists,OTD,,0.75,,216038,Slippery Rock University of Pennsylvania,Slippery Rock,PA,Public,https://www.sru.edu/,Town: Distant,18,4,6728,0.7462,,,,,,,,,,
Slippery Rock University of Pennsylvania,Pennsylvania,Physical Therapists,DPT,3916,1.0,,216038,Slippery Rock University of Pennsylvania,Slippery Rock,PA,Public,https://www.sru.edu/,Town: Distant,18,4,6728,0.7462,,,,,,,,,,
South College - Atlanta,Georgia,Physical Therapists,DPT,1121,0.955,,22055204,South College-Atlanta,Atlanta,GA,For-profit,https://www.south.edu/locations/atlanta/,,,0,,,,,,,,,,,,
South College - Knoxville,Tennessee,Physical Therapists,DPT,4315,0.0,no results,,,,,,,,,,,,,,,,,,,,,
Southwest Baptist University,Missouri,Physical Therapists,DPT,2614,1.0,,179326,Southwest Baptist University,Bolivar,MO,Private nonprofit,www.sbuniv.edu/,Town: Distant,18,4,1339,0.9972,,,,,,,,,,
Spalding University,Kentucky,Occupational Therapists,OTD,,1.0,,157757,Spalding University,Louisville,KY,Private nonprofit,https://www.spalding.edu/,City: Large,18,4,597,0.9864,,,,,,,,,,
Springfield College,Massachusetts,"Physical Therapists,Occupational Therapists","DPT,MOT",0204,1.0,,167899,Springfield College,Springfield,MA,Private nonprofit,www.springfield.edu/,City: Midsize,17,4,1916,0.7023,,,,,,,,,,
St Ambrose University,Iowa,Physical Therapists,DPT,1605,0.933,,154235,Saint Ambrose University,Davenport,IA,Private nonprofit,www.sau.edu/,City: Midsize,17,4,2101,0.7332,,,,,,,,,,
St. Ambrose University,Iowa,Occupational Therapists,OTD,,0.913,,154235,Saint Ambrose University,Davenport,IA,Private nonprofit,www.sau.edu/,City: Midsize,17,4,2101,0.7332,,,,,,,,,,
St. Bonaventure University,New York,Occupational Therapists,MOT,,0.98,,195164,St Bonaventure University,Saint Bonaventure,NY,Private nonprofit,https://www.sbu.edu/,Town: Remote,19,4,1892,0.8153,,,,,,,,,,
St. Catherine University,Minnesota,"Physical Therapists,Occupational Therapists","DPT,OTD,MOT",2404,0.979,,175005,St Catherine University,Saint Paul,MN,Private nonprofit,https://www.stkate.edu/,City: Large,17,4,2393,0.9407,,,,,,,,,,
St. Francis University,Pennsylvania,Occupational Therapists,MOT,,0.913,,215743,Saint Francis University,Loretto,PA,Private nonprofit,www.francis.edu/,Rural: Distant,18,4,1525,0.7689,,,,,,,,,,
St. Joseph's University,Pennsylvania,Occupational Therapists,"OTD,MOT",,0.733,,442356,Saint Joseph's University - Lancaster,Lancaster,PA,Private nonprofit,https://www.sju.edu/lancaster,Rural: Fringe,26,4,1548,0.4412,,,,,,,,,,
St. Louis University,Missouri,Occupational Therapists,MOT,,0.905,,179159,Saint Louis University,Saint Louis,MO,Private nonprofit,www.slu.edu/,City: Large,16,4,7324,0.8147,,,,,,,,,,
Stanbridge University,California,Occupational Therapists,MOT,,1.0,,446561,Stanbridge University,Irvine,CA,For-profit,www.stanbridge.edu/,City: Large,26,4,2373,0.1137,,,,,,,,,,
State University of NY Upstate Medical University,New York,Physical Therapists,DPT,0111,0.0,no results,,,,,,,,,,,,,,,,,,,,,
State University of New York Downstate Health Sciences University,New York,Occupational Therapists,MOT,,0.0,no results,,,,,,,,,,,,,,,,,,,,,
Stockton University,New Jersey,"Physical Therapists,Occupational Therapists","DPT,MOT",3107,1.0,,186876,Stockton University,Galloway,NJ,Public,https://www.stockton.edu/,Rural: Fringe,17,4,7770,0.8817,,,,,,,,,,
Stony Brook University,New York,"Physical Therapists,Occupational Therapists","DPT,MOT",0110,1.0,,196097,Stony Brook University,Stony Brook,NY,Public,https://www.stonybrook.edu/,Suburb: Large,15,4,17420,0.4901,,,,,,,,,,
Stony Brook University - Expansion Program at  Southampton Campus,New York,Physical Therapists,DPT,0141,0.0,no results,,,,,,,,,,,,,,,,,,,,,
Temple University,Pennsylvania,"Physical Therapists,Occupational Therapists","DPT,MOT",3904,1.0,,216339,Temple University,Philadelphia,PA,Public,www.temple.edu/,City: Large,15,4,21249,0.8292,,,,,,,,,,
Tennessee State University,Tennessee,"Physical Therapists,Occupational Therapists","DPT,MOT",4307,1.0,,221838,Tennessee State University,Nashville,TN,Public,www.tnstate.edu/,City: Large,16,4,6498,0.9263,,,,,,,,,,
Tennessee Wesleyan University - Downtown Knoxville Site,Tennessee,Occupational Therapists,MOT,,0.0,no results,,,,,,,,,,,,,,,,,,,,,
Texas State University,Texas,Physical Therapists,DPT,4401,1.0,,228459,Texas State University,San Marcos,TX,Public,https://www.txst.edu/,City: Small,16,4,34547,0.8948,,,,,,,,,,
Texas Tech University Health Sciences Center,Texas,"Physical Therapists,Occupational Therapists","DPT,OTD",4402,1.0,,229337,Texas Tech University Health Sciences Center,Lubbock,TX,Public,https://www.ttuhsc.edu/,City: Large,27,4,1374,,,,,,,,,,,
Texas Woman's University,Texas,"Physical Therapists,Occupational Therapists","DPT,OTD",4433,1.0,,229179,Texas Woman's University,Denton,TX,Public,www.twu.edu/,City: Midsize,17,4,8804,0.9499,,,,,,,,,,
Texas Woman's University - EXPANSION PROGRAM  in Houston,Texas,Physical Therapists,DPT,4403,0.0,no results,,,,,,,,,,,,,,,,,,,,,
The College of Staten Island,New York,Physical Therapists,DPT,0125,0.0,no results,,,,,,,,,,,,,,,,,,,,,
Thomas Jefferson University,Pennsylvania,Physical Therapists,DPT,3905,1.0,,216366,Thomas Jefferson University,Philadelphia,PA,Private nonprofit,www.jefferson.edu/,City: Large,16,4,3708,0.8614,,,,,,,,,,
Thomas Jefferson University-Center City Campus,Pennsylvania,Occupational Therapists,"OTD,MOT",,0.0,no results,,,,,,,,,,,,,,,,,,,,,
Thomas Jefferson University-East Falls Campus,Pennsylvania,Occupational Therapists,MOT,,0.0,no results,,,,,,,,,,,,,,,,,,,,,
Touro University,New York,"Physical Therapists,Occupational Therapists","DPT,MOT",0112,1.0,,196592,Touro University,New York,NY,Private nonprofit,https://www.touro.edu/,City: Large,17,4,4004,0.6301,,,,,,,,,,
Touro University - EXPANSION PROGRAM at NYC,New York,Physical Therapists,DPT,0140,0.0,no results,,,,,,,,,,,,,,,,,,,,,
Touro University - Nevada,Nevada,Physical Therapists,DPT,2902,0.958,,459824,Touro University Nevada,Henderson,NV,Private nonprofit,www.tun.touro.edu/,City: Large,25,4,19,,,,,,,,,,,
Touro University Nevada,Nevada,Occupational Therapists,OTD,,1.0,,459824,Touro University Nevada,Henderson,NV,Private nonprofit,www.tun.touro.edu/,City: Large,25,4,19,,,,,,,,,,,
Towson University,Maryland,Occupational Therapists,"OTD,MOT",,1.0,,164076,Towson University,Towson,MD,Public,www.towson.edu/,City: Small,18,4,16400,0.828,,,,,,,,,,
Trine University,Indiana,Physical Therapists,DPT,1513,1.0,,152567,Trine University,Angola,IN,Private nonprofit,www.trine.edu/,Town: Distant,22,4,2344,0.8469,,,,,,,,,,
Trinity Washington University,District of Columbia,Occupational Therapists,MOT,,1.0,,131876,Trinity Washington University,Washington,DC,Private nonprofit,www2.trinitydc.edu/,City: Large,19,4,1415,0.9919,,,,,,,,,,
Tufts University,Massachusetts,"Physical Therapists,Occupational Therapists","DPT,OTD",0225,1.0,,168148,Tufts University,Medford,MA,Private nonprofit,https://www.tufts.edu/,Suburb: Large,15,4,6804,0.1013,,,,,,,,,,
Tufts University - Phoenix,Arizona,Physical Therapists,DPT,0314,0.0,no results,,,,,,,,,,,,,,,,,,,,,
Tuskegee University,Alabama,Occupational Therapists,MOT,,1.0,,102377,Tuskegee University,Tuskegee,AL,Private nonprofit,https://www.tuskegee.edu/,Town: Distant,19,4,2367,0.3143,,,,,,,,,,
U.S. Army Medical Center of Excellence/Baylor University,Texas,Occupational Therapists,OTD,,0.0,no results,,,,,,,,,,,,,,,,,,,,,
"University at Buffalo, State University of New York",New York,"Physical Therapists,Occupational Therapists","DPT,MOT",0108,0.583,,196088,University at Buffalo,Buffalo,NY,Public,https://www.buffalo.edu/,Suburb: Large,15,4,20284,0.693,,,,,,,,,,
University of Alabama at Birmingham,Alabama,"Physical Therapists,Occupational Therapists","DPT,OTD,MOT",3301,1.0,,100663,University of Alabama at Birmingham,Birmingham,AL,Public,https://www.uab.edu/,City: Midsize,15,4,12118,0.8842,,,,,,,,,,
University of Arkansas - Fayetteville / University of Arkansas for Medical Sciences,Arkansas,Occupational Therapists,OTD,,0.0,no results,,,,,,,,,,,,,,,,,,,,,
University of Arkansas for Medical Sciences,Arkansas,Physical Therapists,DPT,0410,0.0,no results,,,,,,,,,,,,,,,,,,,,,
University of CA / San Francisco State University,California,Physical Therapists,DPT,0507,0.759,,122597,San Francisco State University,San Francisco,CA,Public,www.sfsu.edu/,City: Large,16,4,20033,0.9615,,,,,,,,,,
University of Central Arkansas,Arkansas,"Physical Therapists,Occupational Therapists","DPT,OTD",0401,1.0,,106704,University of Central Arkansas,Conway,AR,Public,www.uca.edu/,City: Small,17,4,7426,0.9047,,,,,,,,,,
University of Central Florida,Florida,Physical Therapists,DPT,1016,1.0,,132903,University of Central Florida,Orlando,FL,Public,https://www.ucf.edu/,Suburb: Large,15,4,59095,0.3952,,,,,,,,,,
University of Cincinnati,Ohio,"Physical Therapists,Occupational Therapists","DPT,MOT",3618,0.8,,201885,University of Cincinnati-Main Campus,Cincinnati,OH,Public,www.uc.edu/,City: Large,15,4,29094,0.8767,,,,,,,,,,
University of Colorado,Colorado,Physical Therapists,DPT,0601,0.846,,126614,University of Colorado Boulder,Boulder,CO,Public,https://www.colorado.edu/,City: Midsize,15,4,31578,0.8328,,,,,,,,,,
University of Connecticut,Connecticut,Physical Therapists,DPT,0702,1.0,,129020,University of Connecticut,Storrs,CT,Public,https://uconn.edu/,Town: Fringe,15,4,19147,0.5395,,,,,,,,,,
University of Dayton,Ohio,Physical Therapists,DPT,3630,1.0,,202480,University of Dayton,Dayton,OH,Private nonprofit,https://udayton.edu/,City: Midsize,16,4,8099,0.6165,,,,,,,,,,
University of Delaware,Delaware,Physical Therapists,DPT,0801,1.0,,130943,University of Delaware,Newark,DE,Public,www.udel.edu/,Suburb: Large,15,4,18812,0.6511,,,,,,,,,,
University of Evansville,Indiana,Physical Therapists,DPT,1502,1.0,,150534,University of Evansville,Evansville,IN,Private nonprofit,https://www.evansville.edu/,City: Midsize,19,4,1477,0.7765,,,,,,,,,,
University of Findlay,Ohio,Occupational Therapists,"OTD,MOT",,0.913,,202763,The University of Findlay,Findlay,OH,Private nonprofit,findlay.edu/,Town: Distant,17,4,2240,0.8633,,,,,,,,,,
University of Findlay - Traditional,Ohio,Physical Therapists,DPT,3628,0.0,no results,,,,,,,,,,,,,,,,,,,,,
University of Findlay - Weekend,Ohio,Physical Therapists,DPT,3617,0.0,no results,,,,,,,,,,,,,,,,,,,,,
University of Florida,Florida,"Physical Therapists,Occupational Therapists","DPT,OTD",1003,0.894,,138354,University of West Florida,Pensacola,FL,Public,uwf.edu/,Rural: Fringe,18,4,9042,0.5687,,,,,,,,,,
University of Hartford,Connecticut,"Physical Therapists,Occupational Therapists","DPT,MOT",0704,1.0,,129525,University of Hartford,West Hartford,CT,Private nonprofit,www.hartford.edu/,City: Midsize,17,4,4032,0.8301,,,,,,,,,,
University of Illinois Chicago,Illinois,Occupational Therapists,MOT,,1.0,,145600,University of Illinois Chicago,Chicago,IL,Public,www.uic.edu/,City: Large,15,4,21814,0.785,,,,,,,,,,
University of Illinois at Chicago,Illinois,Physical Therapists,DPT,1405,0.952,,145600,University of Illinois Chicago,Chicago,IL,Public,www.uic.edu/,City: Large,15,4,21814,0.785,,,,,,,,,,
University of Indianapolis,Indiana,"Physical Therapists,Occupational Therapists","DPT,OTD,MOT",1507,1.0,,151263,University of Indianapolis,Indianapolis,IN,Private nonprofit,https://uindy.edu/,City: Large,17,4,3147,0.7276,,,,,,,,,,
University of Jamestown,North Dakota,Physical Therapists,DPT,3504,1.0,,200156,University of Jamestown,Jamestown,ND,Private nonprofit,www.uj.edu/,Town: Remote,20,4,947,0.9351,,,,,,,,,,
University of Kansas Medical Center,Kansas,"Physical Therapists,Occupational Therapists","DPT,OTD",1701,0.727,,155317,University of Kansas,Lawrence,KS,Public,https://ku.edu/,City: Small,15,4,19857,0.882,,,,,,,,,,
University of Kentucky,Kentucky,Physical Therapists,DPT,1801,1.0,,157085,University of Kentucky,Lexington,KY,Public,www.uky.edu/,City: Large,15,4,23189,0.9238,,,,,,,,,,
University of Louisiana at Monroe,Louisiana,Occupational Therapists,MOT,,1.0,,159993,University of Louisiana at Monroe,Monroe,LA,Public,www.ulm.edu/,City: Small,17,4,4891,0.7456,,,,,,,,,,
University of Lynchburg,Virginia,Physical Therapists,DPT,0014,1.0,,232609,University of Lynchburg,Lynchburg,VA,Private nonprofit,www.lynchburg.edu/,City: Small,17,4,1599,0.8219,,,,,,,,,,
University of Mary,North Dakota,Physical Therapists,DPT,3503,1.0,,200217,University of Mary,Bismarck,ND,Private nonprofit,https://www.umary.edu/,Rural: Fringe,17,4,2280,0.7825,,,,,,,,,,
University of Mary Hardin-Baylor,Texas,"Physical Therapists,Occupational Therapists","DPT,MOT",4449,1.0,,226471,University of Mary Hardin-Baylor,Belton,TX,Private nonprofit,https://go.umhb.edu/,Suburb: Midsize,17,4,2959,0.9512,,,,,,,,,,
"University of Mary, Billings",Montana,Occupational Therapists,OTD,,0.0,no results,,,,,,,,,,,,,,,,,,,,,
"University of Mary, Bismark",North Dakota,Occupational Therapists,OTD,,0.0,no results,,,,,,,,,,,,,,,,,,,,,
University of Maryland - Baltimore,Maryland,Physical Therapists,DPT,2101,0.97,,163259,University of Maryland Baltimore,Baltimore,MD,Public,www.umaryland.edu/,City: Large,27,4,959,,,,,,,,,,,
University of Maryland - Eastern Shore,Maryland,Physical Therapists,DPT,2102,0.973,,163338,University of Maryland Eastern Shore,Princess Anne,MD,Public,wwwcp.umes.edu/,Town: Fringe,16,4,2165,0.9036,,,,,,,,,,
University of Massachusetts Lowell,Massachusetts,Physical Therapists,DPT,0205,0.971,,166513,University of Massachusetts-Lowell,Lowell,MA,Public,www.uml.edu/,Suburb: Large,16,4,11632,0.8524,,,,,,,,,,
University of Miami,Florida,Physical Therapists,DPT,1004,1.0,,135726,University of Miami,Coral Gables,FL,Private nonprofit,www.miami.edu/,Suburb: Large,15,4,12570,0.1851,,,,,,,,,,
University of Michigan - Flint,Michigan,Physical Therapists,DPT,2304,0.966,,171146,University of Michigan-Flint,Flint,MI,Public,www.umflint.edu/,City: Small,17,4,4157,0.6883,,,,,,,,,,
"University of Michigan, Flint",Michigan,Occupational Therapists,OTD,,0.947,,171146,University of Michigan-Flint,Flint,MI,Public,www.umflint.edu/,City: Small,17,4,4157,0.6883,,,,,,,,,,
University of Minnesota,Minnesota,"Physical Therapists,Occupational Therapists","DPT,OTD",2403,0.868,,174233,University of Minnesota-Duluth,Duluth,MN,Public,https://d.umn.edu/,City: Small,18,4,7475,0.8175,,,,,,,,,,
University of Mississippi Medical Center,Mississippi,Occupational Therapists,"OTD,MOT",,1.0,,17601701,University of Mississippi Medical Center,Jackson,MS,Public,https://www.umc.edu/,,,0,,,,,,,,,,,,
University of Mississippi at the Medical Center,Mississippi,Physical Therapists,DPT,2501,0.0,no results,,,,,,,,,,,,,,,,,,,,,
University of Missouri,Missouri,"Physical Therapists,Occupational Therapists","DPT,OTD",2604,0.846,,176965,University of Central Missouri,Warrensburg,MO,Public,https://www.ucmo.edu/,Town: Distant,18,4,5653,0.6861,,,,,,,,,,
University of Montana - Missoula,Montana,Physical Therapists,DPT,2701,0.0,no results,,,,,,,,,,,,,,,,,,,,,
University of Mount Union,Ohio,Physical Therapists,DPT,3641,1.0,,204185,University of Mount Union,Alliance,OH,Private nonprofit,www.mountunion.edu/,Town: Fringe,20,4,1785,0.801,,,,,,,,,,
University of Nebraska Medical Center,Nebraska,"Physical Therapists,Occupational Therapists","DPT,OTD",2801,1.0,,181428,University of Nebraska Medical Center,Omaha,NE,Public,www.unmc.edu/,City: Large,27,4,861,,,,,,,,,,,
"University of Nevada, Las Vegas",Nevada,"Physical Therapists,Occupational Therapists","DPT,OTD",2901,0.951,,182281,University of Nevada-Las Vegas,Las Vegas,NV,Public,www.unlv.edu/,City: Midsize,15,4,24131,0.9626,,,,,,,,,,
University of New England,Maine,"Physical Therapists,Occupational Therapists","DPT,MOT",2001,1.0,,161457,University of New England,Biddeford,ME,Private nonprofit,https://www.une.edu/,Suburb: Midsize,16,4,2189,0.8884,,,,,,,,,,
University of New Hampshire,New Hampshire,Occupational Therapists,MOT,,0.818,,183044,University of New Hampshire-Main Campus,Durham,NH,Public,https://www.unh.edu/,Town: Fringe,15,4,11230,0.8687,,,,,,,,,,
University of New Mexico,New Mexico,"Physical Therapists,Occupational Therapists","DPT,MOT",3201,0.774,,187958,University of New Mexico-Gallup Campus,Gallup,NM,Public,www.gallup.unm.edu/,Town: Remote,8,2,891,,,,,,,,,,,
University of North Carolina at Chapel Hill,North Carolina,"Physical Therapists,Occupational Therapists","DPT,MOT",3403,1.0,,199120,University of North Carolina at Chapel Hill,Chapel Hill,NC,Public,https://www.unc.edu/,City: Small,15,4,20556,0.1874,,,,,,,,,,
University of North Dakota,North Dakota,"Physical Therapists,Occupational Therapists","DPT,OTD",3501,1.0,,200280,University of North Dakota,Grand Forks,ND,Public,https://und.edu/,City: Small,16,4,9296,0.7709,,,,,,,,,,
University of North Florida,Florida,Physical Therapists,DPT,1014,1.0,,136172,University of North Florida,Jacksonville,FL,Public,https://www.unf.edu/,City: Large,16,4,13915,0.6227,,,,,,,,,,
University of North Georgia,Georgia,Physical Therapists,DPT,1107,1.0,,482680,University of North Georgia,Dahlonega,GA,Public,www.ung.edu/,Town: Distant,18,4,15542,0.7216,,,,,,,,,,
University of North Texas Health Science Center - Fort  Worth,Texas,Physical Therapists,DPT,4436,0.87,,228909,University of North Texas Health Science Center,Fort Worth,TX,Public,www.unthsc.edu/,City: Large,25,4,17,,,,,,,,,,,
University of Oklahoma Health Sciences Center,Oklahoma,"Physical Therapists,Occupational Therapists","DPT,MOT",3702,0.978,,207342,University of Oklahoma-Health Sciences Center,Oklahoma City,OK,Public,ouhsc.edu/,City: Large,27,4,1143,,,,,,,,,,,
University of Pittsburgh,Pennsylvania,"Physical Therapists,Occupational Therapists","DPT,OTD",3906,0.842,,215266,University of Pittsburgh-Bradford,Bradford,PA,Public,https://www.upb.pitt.edu/,Town: Remote,22,3,980,0.9081,,,,,,,,,,
University of Pittsburgh - Expansion Program,Pennsylvania,Physical Therapists,DPT,3949,0.0,no results,,,,,,,,,,,,,,,,,,,,,
University of Puerto Rico - Medical Sciences Campus,Puerto Rico,Physical Therapists,DPT,5201,0.0,no results,,,,,,,,,,,,,,,,,,,,,
"University of Puerto Rico, Medical Sciences Center",Puerto Rico,Occupational Therapists,MOT,,0.0,no results,,,,,,,,,,,,,,,,,,,,,
University of Puget Sound,Washington,"Physical Therapists,Occupational Therapists","DPT,OTD,MOT",4802,1.0,,236328,University of Puget Sound,Tacoma,WA,Private nonprofit,https://www.pugetsound.edu/,City: Midsize,21,4,1631,0.7628,,,,,,,,,,
University of Rhode Island,Rhode Island,Physical Therapists,DPT,4001,1.0,,217484,University of Rhode Island,Kingston,RI,Public,https://web.uri.edu/,Suburb: Large,16,4,13822,0.7707,,,,,,,,,,
University of Saint Mary,Kansas,Physical Therapists,DPT,1710,1.0,,155812,University of Saint Mary,Leavenworth,KS,Private nonprofit,www.stmary.edu/,Town: Fringe,19,4,889,0.8984,,,,,,,,,,
"University of Saint Mary, Leavenworth",Kansas,Occupational Therapists,OTD,,0.0,no results,,,,,,,,,,,,,,,,,,,,,
University of Scranton,Pennsylvania,"Physical Therapists,Occupational Therapists","DPT,MOT",3907,1.0,,215929,University of Scranton,Scranton,PA,Private nonprofit,www.scranton.edu/,City: Small,18,4,3589,0.8435,,,,,,,,,,
University of South Alabama,Alabama,"Physical Therapists,Occupational Therapists","DPT,MOT",3302,1.0,,102094,University of South Alabama,Mobile,AL,Public,www.southalabama.edu/,City: Midsize,16,4,8540,0.6549,,,,,,,,,,
University of South Carolina - Columbia,South Carolina,Physical Therapists,DPT,4106,0.974,,218663,University of South Carolina-Columbia,Columbia,SC,Public,www.sc.edu/,City: Midsize,15,4,28113,0.6149,,,,,,,,,,
University of South Dakota,South Dakota,"Physical Therapists,Occupational Therapists","DPT,OTD",4201,1.0,,219471,University of South Dakota,Vermillion,SD,Public,https://www.usd.edu/,Town: Distant,16,4,5239,0.9895,,,,,,,,,,
University of South Florida,Florida,Physical Therapists,DPT,1030,1.0,,137351,University of South Florida,Tampa,FL,Public,www.usf.edu/,City: Large,15,4,36299,0.4096,,,,,,,,,,
University of Southern California,California,"Physical Therapists,Occupational Therapists","DPT,MOT",0509,1.0,,123961,University of Southern California,Los Angeles,CA,Private nonprofit,www.usc.edu/,City: Large,15,4,20817,0.1002,,,,,,,,,,
University of Southern California - Hybrid DPT  Program,California,Physical Therapists,DPT,0548,0.0,no results,,,,,,,,,,,,,,,,,,,,,
University of Southern Indiana,Indiana,Occupational Therapists,MOT,,1.0,,151306,University of Southern Indiana,Evansville,IN,Public,www.usi.edu/,Suburb: Midsize,18,4,5344,0.9465,,,,,,,,,,
University of Southern Maine at Lewiston-Auburn College,Maine,Occupational Therapists,MOT,,0.0,no results,,,,,,,,,,,,,,,,,,,,,
University of St Augustine for Health Sciences  ONLINE FLEX EXPANSION PROGRAM in San Diego,California,Physical Therapists,DPT,0528,0.0,no results,,,,,,,,,,,,,,,,,,,,,
University of St Augustine for Health Sciences -  California,California,Physical Therapists,DPT,0522,0.0,no results,,,,,,,,,,,,,,,,,,,,,
University of St Augustine for Health Sciences -  EXPANSION PROGRAM in Miami,Florida,Physical Therapists,DPT,1052,0.0,no results,,,,,,,,,,,,,,,,,,,,,
University of St Augustine for Health Sciences -  ONLINE FLEX EXPANSION PROGRAM in Austin,Texas,Physical Therapists,DPT,4441,0.0,no results,,,,,,,,,,,,,,,,,,,,,
University of St Augustine for Health Sciences -  ONLINE FLEX EXPANSION PROGRAM in Florida,Florida,Physical Therapists,DPT,1036,0.0,no results,,,,,,,,,,,,,,,,,,,,,
University of St Augustine for Health Sciences - Austin,Texas,Physical Therapists,DPT,4432,0.0,no results,,,,,,,,,,,,,,,,,,,,,
University of St Augustine for Health Sciences - Florida,Florida,Physical Therapists,DPT,1019,0.0,no results,,,,,,,,,,,,,,,,,,,,,
University of St. Augustine - Dallas,Texas,Physical Therapists,DPT,4452,0.0,no results,,,,,,,,,,,,,,,,,,,,,
"University of St. Augustine for Health Sciences, Austin Campus",Texas,Occupational Therapists,"OTD,MOT",,0.0,no results,,,,,,,,,,,,,,,,,,,,,
"University of St. Augustine for Health Sciences, California Campus",California,Occupational Therapists,"OTD,MOT",,0.0,no results,,,,,,,,,,,,,,,,,,,,,
"University of St. Augustine for Health Sciences, Dallas Campus",Texas,Occupational Therapists,OTD,,0.0,no results,,,,,,,,,,,,,,,,,,,,,
"University of St. Augustine for Health Sciences, Miami Campus",Florida,Occupational Therapists,"OTD,MOT",,0.0,no results,,,,,,,,,,,,,,,,,,,,,
"University of St. Augustine for Health Sciences, St. Augustine Campus",Florida,Occupational Therapists,"OTD,MOT",,0.0,no results,,,,,,,,,,,,,,,,,,,,,
University of Tennessee Chattanooga,Tennessee,Physical Therapists,DPT,4308,0.919,,221740,The University of Tennessee-Chattanooga,Chattanooga,TN,Public,utc.edu/,City: Midsize,17,4,9878,0.7702,,,,,,,,,,
University of Tennessee Health Science Center,Tennessee,"Physical Therapists,Occupational Therapists","DPT,MOT",4301,0.957,,487010,The University of Tennessee Health Science Center,Memphis,TN,Public,www.uthsc.edu/,City: Large,27,4,376,,,,,,,,,,,
University of Tennessee at Chattanooga,Tennessee,Occupational Therapists,OTD,,0.883,,221740,The University of Tennessee-Chattanooga,Chattanooga,TN,Public,utc.edu/,City: Midsize,17,4,9878,0.7702,,,,,,,,,,
University of Texas Health Science Center at San  Antonio,Texas,Physical Therapists,DPT,4405,0.957,,228644,The University of Texas Health Science Center at San Antonio,San Antonio,TX,Public,www.uthscsa.edu/,City: Large,27,4,864,,,,,,,,,,,
University of Texas Health Science Center at San Antonio,Texas,Occupational Therapists,OTD,,0.966,,228644,The University of Texas Health Science Center at San Antonio,San Antonio,TX,Public,www.uthscsa.edu/,City: Large,27,4,864,,,,,,,,,,,
University of Texas Medical Branch,Texas,Occupational Therapists,OTD,,0.8,,228653,The University of Texas Medical Branch at Galveston,Galveston,TX,Public,https://www.utmb.edu/,City: Small,27,4,559,,,,,,,,,,,
University of Texas Medical Branch at Galveston,Texas,Physical Therapists,DPT,4406,0.959,,228653,The University of Texas Medical Branch at Galveston,Galveston,TX,Public,https://www.utmb.edu/,City: Small,27,4,559,,,,,,,,,,,
University of Texas Medical Branch at Galveston -  BRIDGE PROGRAM FOR PTAS,Texas,Physical Therapists,DPT,4442,0.0,no results,,,,,,,,,,,,,,,,,,,,,
University of Texas Medical Branch at Galveston -  Hybrid Expansion Program,Texas,Physical Therapists,DPT,4453,0.0,no results,,,,,,,,,,,,,,,,,,,,,
University of Texas Southwestern Medical Center,Texas,Physical Therapists,DPT,4421,1.0,,228635,University of Texas Southwestern Medical Center,Dallas,TX,Public,www.utsouthwestern.edu/,City: Large,27,4,,,,,,,,,,,,
University of Texas at El Paso,Texas,"Physical Therapists,Occupational Therapists","DPT,MOT",4423,0.938,,228796,The University of Texas at El Paso,El Paso,TX,Public,https://www.utep.edu/,City: Large,15,4,20547,0.999,,,,,,,,,,
University of Texas at Tyler,Texas,Occupational Therapists,MOT,,0.933,,228802,The University of Texas at Tyler,Tyler,TX,Public,https://www.uttyler.edu/,City: Midsize,16,4,7009,0.9154,,,,,,,,,,
University of The Pacific,California,Physical Therapists,DPT,0508,0.0,no results,,,,,,,,,,,,,,,,,,,,,
University of Toledo,Ohio,"Physical Therapists,Occupational Therapists","DPT,OTD",3602,1.0,,206084,University of Toledo,Toledo,OH,Public,www.utoledo.edu/,City: Large,16,4,10244,0.9483,,,,,,,,,,
University of Utah,Utah,"Physical Therapists,Occupational Therapists","DPT,MOT",4501,0.526,ratio below threshold,,,,,,,,,,,,,,,,,,,,,
University of Utah - Expansion Program One,Utah,Physical Therapists,DPT,4506,0.0,no results,,,,,,,,,,,,,,,,,,,,,
University of Vermont,Vermont,Physical Therapists,DPT,4601,1.0,,231174,University of Vermont,Burlington,VT,Public,www.uvm.edu/,City: Small,16,4,11614,0.6002,,,,,,,,,,
University of Washington,Washington,"Physical Therapists,Occupational Therapists","DPT,MOT",4803,0.762,,236948,University of Washington-Seattle Campus,Seattle,WA,Public,https://www.washington.edu/,City: Large,15,4,31588,0.4253,,,,,,,,,,
University of Wisconsin - Lacrosse,Wisconsin,Physical Therapists,DPT,5002,0.0,no results,,,,,,,,,,,,,,,,,,,,,
University of Wisconsin - Madison,Wisconsin,Physical Therapists,DPT,5003,0.969,,240444,University of Wisconsin-Madison,Madison,WI,Public,www.wisc.edu/,City: Large,15,4,35665,0.4335,,,,,,,,,,
University of Wisconsin - Milwaukee,Wisconsin,Physical Therapists,DPT,5013,0.971,,240453,University of Wisconsin-Milwaukee,Milwaukee,WI,Public,uwm.edu/,City: Large,15,4,16762,0.8844,,,,,,,,,,
"University of Wisconsin, LaCrosse",Wisconsin,Occupational Therapists,MOT,,0.0,no results,,,,,,,,,,,,,,,,,,,,,
"University of Wisconsin, Madison",Wisconsin,Occupational Therapists,OTD,,0.952,,240444,University of Wisconsin-Madison,Madison,WI,Public,www.wisc.edu/,City: Large,15,4,35665,0.4335,,,,,,,,,,
"University of Wisconsin, Milwaukee",Wisconsin,Occupational Therapists,MOT,,0.955,,240453,University of Wisconsin-Milwaukee,Milwaukee,WI,Public,uwm.edu/,City: Large,15,4,16762,0.8844,,,,,,,,,,
University of Wisconsin-Stevens Point,Wisconsin,Physical Therapists,DPT,5000,1.0,,240480,University of Wisconsin-Stevens Point,Stevens Point,WI,Public,https://www.uwsp.edu/,Town: Distant,19,4,7104,0.9014,,,,,,,,,,
University of lowa,Iowa,Physical Therapists,DPT,1601,0.0,no results,,,,,,,,,,,,,,,,,,,,,
University of the Cumberlands,Kentucky,Physical Therapists,DPT,1813,0.0,no results,,,,,,,,,,,,,,,,,,,,,
University of the Incarnate Word,Texas,Physical Therapists,DPT,4444,0.0,no results,,,,,,,,,,,,,,,,,,,,,
"University of the Pacific, Sacramento",California,Occupational Therapists,OTD,,0.0,no results,,,,,,,,,,,,,,,,,,,,,
Utica University,New York,"Physical Therapists,Occupational Therapists","DPT,MOT",0128,1.0,,197045,Utica University,Utica,NY,Private nonprofit,https://www.utica.edu/,City: Small,18,4,2477,0.8719,,,,,,,,,,
Virginia Commonwealth University,Virginia,"Physical Therapists,Occupational Therapists","DPT,OTD",0002,1.0,,234030,Virginia Commonwealth University,Richmond,VA,Public,https://www.vcu.edu/,City: Midsize,15,4,20797,0.9306,,,,,,,,,,
Walsh University,Ohio,"Physical Therapists,Occupational Therapists","DPT,MOT",3627,1.0,,206437,Walsh University,North Canton,OH,Private nonprofit,https://www.walsh.edu/,Suburb: Large,17,4,1294,0.7818,,,,,,,,,,
Washington University,Missouri,Occupational Therapists,"OTD,MOT",,0.778,,179867,Washington University in St Louis,St. Louis,MO,Private nonprofit,https://washu.edu/,Suburb: Large,15,4,7897,0.1196,,,,,,,,,,
Washington University in St Louis,Missouri,Physical Therapists,DPT,2605,1.0,,179867,Washington University in St Louis,St. Louis,MO,Private nonprofit,https://washu.edu/,Suburb: Large,15,4,7897,0.1196,,,,,,,,,,
Wayne State University,Michigan,"Physical Therapists,Occupational Therapists","DPT,MOT",2305,1.0,,172644,Wayne State University,Detroit,MI,Public,https://wayne.edu/,City: Large,15,4,15676,0.8203,,,,,,,,,,
West Coast University,California,Physical Therapists,DPT,0540,0.84,,458229,West Coast University-Ontario,Ontario,CA,For-profit,westcoastuniversity.edu/,City: Midsize,26,3,2647,,,,,,,,,,,
"West Coast University, Los Angeles",California,Occupational Therapists,"OTD,MOT",,0.955,,443331,West Coast University-Los Angeles,North Hollywood,CA,For-profit,westcoastuniversity.edu/,City: Large,26,3,2687,,,,,,,,,,,
West Virginia University,West Virginia,"Physical Therapists,Occupational Therapists","DPT,OTD,MOT",4902,0.889,,237899,West Virginia State University,Institute,WV,Public,www.wvstateu.edu/,Suburb: Midsize,20,4,1328,0.9637,,,,,,,,,,
Western Carolina University,North Carolina,Physical Therapists,DPT,3412,1.0,,200004,Western Carolina University,Cullowhee,NC,Public,www.wcu.edu/,Town: Distant,17,4,9867,0.8666,,,,,,,,,,
Western Kentucky University,Kentucky,Physical Therapists,DPT,1810,1.0,,157951,Western Kentucky University,Bowling Green,KY,Public,https://www.wku.edu/,City: Small,17,4,12267,0.9705,,,,,,,,,,
Western Michigan University,Michigan,"Physical Therapists,Occupational Therapists","DPT,OTD",2325,1.0,,172699,Western Michigan University,Kalamazoo,MI,Public,https://wmich.edu/,City: Small,16,4,12704,0.8468,,,,,,,,,,
Western New England University,Massachusetts,Occupational Therapists,OTD,,1.0,,168254,Western New England University,Springfield,MA,Private nonprofit,wne.edu/,City: Midsize,17,4,2508,0.8326,,,,,,,,,,
Western University of Health Sciences - California,California,Physical Therapists,DPT,0517,0.0,no results,,,,,,,,,,,,,,,,,,,,,
Western University of Health Sciences - Oregon,Oregon,Physical Therapists,DPT,3806,0.0,no results,,,,,,,,,,,,,,,,,,,,,
Wheeling University,West Virginia,Physical Therapists,DPT,4903,1.0,,238078,Wheeling University,Wheeling,WV,Private nonprofit,www.wheeling.edu/,City: Small,19,4,567,0.7518,,,,,,,,,,
Whitworth University,Washington,Physical Therapists,DPT,4812,1.0,,237066,Whitworth University,Spokane,WA,Private nonprofit,www.whitworth.edu/,Suburb: Large,19,4,1927,0.8677,,,,,,,,,,
Wichita State University,Kansas,Physical Therapists,DPT,1702,1.0,,156125,Wichita State University,Wichita,KS,Public,www.wichita.edu/,City: Large,16,4,10493,0.9494,,,,,,,,,,
Widener University,Pennsylvania,"Physical Therapists,Occupational Therapists","DPT,OTD",3922,1.0,,216852,Widener University,Chester,PA,Private nonprofit,https://www.widener.edu/,Suburb: Large,17,4,2765,0.8402,,,,,,,,,,
William Carey University,Mississippi,Physical Therapists,DPT,2506,1.0,,176479,William Carey University,Hattiesburg,MS,Private nonprofit,https://www.wmcarey.edu/,City: Small,17,4,1818,0.5797,,,,,,,,,,
Wilmington College,Ohio,Occupational Therapists,MOT,,1.0,,206507,Wilmington College,Wilmington,OH,Private nonprofit,https://www.wilmington.edu/,Town: Distant,22,4,924,0.846,,,,,,,,,,
Wingate University,North Carolina,"Physical Therapists,Occupational Therapists","DPT,OTD",3419,1.0,,199962,Wingate University,Wingate,NC,Private nonprofit,https://www.wingate.edu/,Suburb: Large,17,4,2462,0.8499,,,,,,,,,,
Winston-Salem State University,North Carolina,"Physical Therapists,Occupational Therapists","DPT,MOT",3411,1.0,,199999,Winston-Salem State University,Winston-Salem,NC,Public,https://www.wssu.edu/,City: Large,17,4,4244,0.6855,,,,,,,,,,
Worcester State University,Massachusetts,Occupational Therapists,MOT,,1.0,,168430,Worcester State University,Worcester,MA,Public,https://www.worcester.edu/,City: Midsize,18,4,3963,0.8986,,,,,,,,,,
Xavier University,Ohio,Occupational Therapists,OTD,,1.0,,206622,Xavier University,Cincinnati,OH,Private nonprofit,https://www.xavier.edu/,City: Large,17,4,4723,0.8773,,,,,,,,,,
"Yeshiva University, Jack and Pearl Resnick Campus",New York,Occupational Therapists,OTD,,0.0,no results,,,,,,,,,,,,,,,,,,,,,
"York College, The City University of New York",New York,Occupational Therapists,MOT,,0.0,no results,,,,,,,,,,,,,,,,,,,,,
Youngstown State University,Ohio,Physical Therapists,DPT,3619,1.0,,206695,Youngstown State University,Youngstown,OH,Public,https://ysu.edu/,City: Small,18,4,7340,0.8032,,,,,,,,,,
