school_name,city,state,degree_type,program_url,outcomes_url,matched_program_id,match_score,match_action
Northern Arizona University - (Expansion 2),Phoenix,AZ,Doctor of Physical Therapy,http://nau.edu/chhs/physical-therapy/,https://nau.edu/physical-therapy/program-data/,44,1.000,url_added
Alabama State University,Montgomery,AL,Doctor of Physical Therapy,https://www.alasu.edu/websites/DPT-PhysicalTherapy.php,https://www.alasu.edu/_qa/asu-department-physical-therapy.php,185,1.000,url_added
Faulkner University,Montgomery,AL,Doctor in Physical Therapy,https://www.faulkner.edu/graduate/graduate-degrees/physical-therapy-dpt/,https://www.faulkner.edu/graduate/graduate-degrees/physical-therapy-dpt/,187,1.000,url_added
Samford University,Birmingham,AL,Doctor of Physical Therapy,https://www.samford.edu/healthprofessions/doctor-of-physical-therapy,https://www.samford.edu/healthprofessions/doctor-of-physical-therapy,186,1.000,url_added
The University of Alabama at Birmingham,Birmingham,AL,Doctor of Physical Therapy,https://www.uab.edu/shp/pt/programs/dpt,https://www.uab.edu/shp/pt/programs/dpt,183,0.946,url_added
University of South Alabama,Mobile,AL,Doctor of Physical Therapy,http://www.southalabama.edu/colleges/alliedhealth/pt/,http://www.southalabama.edu/colleges/alliedhealth/pt/studentoutcome.html,184,1.000,url_added
AT Still University of Health Sciences,Mesa,AZ,Doctor of Physical Therapy,https://www.atsu.edu/arizona-school-of-health-sciences/academics/doctor-of-physical-therapy,https://tinyurl.com/797zsbvb,45,0.987,url_added
Creighton University-Arizona Health Education Alliance,Phoenix,AZ,Doctor of Physical Therapy,https://www.creighton.edu/pharmacy-ot-pt/physical-therapy,https://www.creighton.edu/academics/programs/physical-therapy-phoenix,49,1.000,url_added
Franklin Pierce University-AZ,Goodyear,AZ,Doctor of Physical Therapy,https://franklinpierce.edu/academics/programs/physical-therapy/index.html,https://www.franklinpierce.edu/about/heoa/DPT-Outcome-Data-AZ.pdf,46,1.000,url_added
Midwestern University - AZ,Glendale,AZ,Doctor of Physical Therapy,https://www.midwestern.edu/academics/degrees-programs/college-health-sciences/doctor-physical-therapy-program/physical-therapy-residential-glendale,https://www.midwestern.edu/academics/degrees-programs/college-health-sciences/doctor-physical-therapy-program/physical-therapy-residential-glendale,48,1.000,url_added
Northern Arizona University,Flagstaff,AZ,Doctor of Physical Therapy,http://nau.edu/chhs/physical-therapy/,https://nau.edu/physical-therapy/program-data/,44,1.000,url_added
Northern Arizona University - (Expansion),Phoenix,AZ,Doctor of Physical Therapy,http://nau.edu/chhs/physical-therapy/,https://nau.edu/physical-therapy/program-data/,44,1.000,url_added
"Tufts University - Phoenix, AZ",Phoenix,AZ,DPT,https://medicine.tufts.edu/admissions-financial-aid/admission-program/doctor-physical-therapy/dpt-phoenix,https://medicine.tufts.edu/academics/physical-therapy/dpt-career-pathways-outcomes,50,0.941,url_added
Arkansas Colleges of Health Education,Fort Smith,AR,Doctor of Physical Therapy,https://physical-therapy.achehealth.edu/,https://physicaltherapy.achehealth.edu/student-achievement/,56,1.000,url_added
Arkansas State University,State University,AR,Doctor of Physical Therapy,https://www.astate.edu/programs/dpt-in-physical-therapy.html,http://www.astate.edu/college/conhp/degrees/degree-details.dot?mid=e3ca7087-e029-48ec-8e76-bf031e71f16b,53,1.000,url_added
Harding University,Searcy,AR,Doctor of Physical Therapy,https://www.harding.edu/allied-health/physical-therapy/,https://www.harding.edu/allied-health/physical-therapy/outcomes/,54,1.000,url_added
University of Arkansas for Medical Sciences,Fayetteville,AR,Doctor of Physical Therapy,https://healthprofessions.uams.edu/programs/physical-therapy,http://healthprofessions.uams.edu/programs/physical-therapy/fast-facts/,55,1.000,url_added
University of Central Arkansas,Conway,AR,Doctor of Physical Therapy,http://uca.edu/pt/,https://uca.edu/pt/programs/dpt/,52,1.000,url_added
Azusa Pacific University,Azusa,CA,Doctor of Physical Therapy,https://www.apu.edu/programs/dpt/,https://www.apu.edu/programs/dpt/,70,1.000,url_added
"California State University, Fresno",Fresno,CA,Doctor of Physical Therapy,http://fresnostate.edu/chhs/physical-therapy/index.html,http://www.fresnostate.edu/chhs/physical-therapy/index.html,57,1.000,url_added
"California State University, Long Beach",Long Beach,CA,Doctor of Physical Therapy,https://www.csulb.edu/college-of-health-human-services/physical-therapy,https://www.csulb.edu/college-of-health-human-services/physical-therapy/graduate-outcomes,58,1.000,url_added
"California State University, Northridge",Northridge,CA,Doctor of Physical Therapy,https://www.csun.edu/health-human-development/physical-therapy,http://www.csun.edu/health-human-development/physical-therapy/,59,1.000,url_added
"California State University, Sacramento",Sacramento,CA,Doctor of Physical Therapy,https://www.csus.edu/college/health-human-services/physical-therapy/,https://www.csus.edu/college/health-human-services/physical-therapy/accreditation.html,68,1.000,url_added
Chapman University,Irvine,CA,Doctor of Physical Therapy,http://www.chapman.edu/PT,http://www.chapman.edu/PT,60,1.000,url_added
Loma Linda University,Loma Linda,CA,Doctor of Physical Therapy,https://alliedhealth.llu.edu/academics/physical-therapy/entry-level-doctor-physical-therapy-dpt,https://alliedhealth.llu.edu/academics/physical-therapy/entry-level-doctor-physical-therapy-dpt,61,1.000,url_added
Mount Saint Mary's University,Los Angeles,CA,Doctor of Physical Therapy,https://www.msmu.edu/departments/physical-therapy/,https://www.msmu.edu/departments/physical-therapy/,62,1.000,url_added
Samuel Merritt University,Oakland,CA,Doctor of Physical Therapy,https://www.samuelmerritt.edu/college-health-sciences/doctor-physical-therapy,https://www.samuelmerritt.edu/college-health-science/doctor-physical-therapy,66,1.000,url_added
San Diego State University,San Diego,CA,Doctor of Physical Therapy,https://physicaltherapy.sdsu.edu/,https://physicaltherapy.sdsu.edu/prospective/graduate-outcomes/,72,1.000,url_added
"University of California, San Francisco - San Francisco State University",San Francisco,CA,Doctor of Physical Therapy,https://ptrehab.ucsf.edu/dpt-program,https://ptrehab.ucsf.edu/dpt-program,,0.810,no_match
University of Southern California,Los Angeles,CA,Doctor of Physical Therapy,https://pt.usc.edu/programs/doctor-of-physical-therapy-dpt/,https://pt.usc.edu/programs/doctor-of-physical-therapy-dpt/legal/,65,1.000,url_added
University of Southern California - (Expansion),Los Angeles,CA,Doctor of Physical Therapy,https://pt.usc.edu/programs/doctor-of-physical-therapy-dpt/,https://pt.usc.edu/programs/doctor-of-physical-therapy-dpt/legal/,65,1.000,url_added
University of St Augustine for Health Sciences-California,San Marcos,CA,Doctor of Physical Therapy,https://www.usa.edu/college-of-rehabilitative-sciences/doctor-physical-therapy/,https://www.usa.edu/college-of-rehabilitative-sciences/doctor-physical-therapy/,69,1.000,url_added
University of St Augustine for Health Sciences-California (Expansion 2),San Marcos,CA,DPT,https://www.usa.edu/college-of-rehabilitative-sciences/doctor-physical-therapy/,https://www.usa.edu/college-of-rehabilitative-sciences/doctor-physical-therapy/,69,1.000,url_added
University of St Augustine for Health Sciences-California - (Expansion),San Marcos,CA,Doctor of Physical Therapy,https://www.usa.edu/college-of-rehabilitative-sciences/doctor-physical-therapy/,https://www.usa.edu/college-of-rehabilitative-sciences/doctor-physical-therapy/,69,1.000,url_added
University of the Pacific,Stockton,CA,Doctor of Physical Therapy,https://www.pacific.edu/healthsciences/programs/doctor-of-physical-therapy,https://www.pacific.edu/healthsciences/programs/doctor-of-physical-therapy,64,1.000,url_added
West Coast University,Los Angeles,CA,Doctor of Physical Therapy,https://westcoastuniversity.edu/programs/doctor-physical-therapy,https://westcoastuniversity.edu/programs/doctor-physical-therapy,73,1.000,url_added
Western University of Health Sciences-California,Pomona,CA,Doctor of Physical Therapy,https://www.westernu.edu/health-sciences/dpt/,https://www.westernu.edu/health-sciences/dpt/,67,1.000,url_added
Regis University,Denver,CO,Doctor of Physical Therapy,https://www.regis.edu/academics/majors-and-programs/graduate/physical-therapy-dpt,https://www.regis.edu/academics/colleges-and-schools/rueckert-hartman/physical-therapy/dpt-outcomes,76,1.000,url_added
University of Colorado,Aurora,CO,Doctor of Physical Therapy,https://medschool.cuanschutz.edu/physical-therapy-program,https://medschool.cuanschutz.edu/physical-therapy-program/education-programs/doctor-of-physical-therapy/about-our-program/dpt-statistics-demographics,75,1.000,url_added
University of Colorado - Expansion,Colorado,CO,Doctor of Physical Therapy,https://medschool.cuanschutz.edu/physical-therapy-program,https://medschool.cuanschutz.edu/physical-therapy-program/education-programs/doctor-of-physical-therapy/about-our-program/dpt-statistics-demographics,,0.815,no_match
Quinnipiac University,Hamden,CT,Doctor of Physical Therapy,https://www.qu.edu/schools/health-sciences/programs/entry-level-doctor-physical-therapy.html,https://www.qu.edu/schools/health-sciences/programs/entry-level-doctor-physical-therapy.html,77,1.000,url_added
Sacred Heart University,Fairfield,CT,Doctor of Physical Therapy,https://www.sacredheart.edu/academics/colleges--schools/college-of-health-professions/departments/physical-therapy/,https://www.sacredheart.edu/majors--programs/physical-therapy---dpt/student-outcomes/,80,1.000,url_added
University of Connecticut,Storrs,CT,Doctor of Physical Therapy,https://physicaltherapy.cahnr.uconn.edu/,https://physicaltherapy.cahnr.uconn.edu/student-performance/,78,1.000,url_added
University of Hartford,West Hartford,CT,Doctor of Physical Therapy,https://www.hartford.edu/academics/schools-colleges/enhp/academics/department-of-rehabilitation-sciences/doctor-of-physical-therapy.aspx,https://www.hartford.edu/academics/schools-colleges/enhp/academics/department-of-rehabilitation-sciences/doctor-of-physical-therapy.aspx,79,1.000,url_added
University of Delaware,Newark,DE,Doctor of Physical Therapy,https://www.udel.edu/academics/colleges/chs/departments/pt/,https://www.udel.edu/academics/colleges/chs/departments/pt/about/student-outcomes/,81,1.000,url_added
Howard University,Washington,DC,Doctor of Physical Therapy,https://cnahs.howard.edu/departments/physical-therapy,https://cnahs.howard.edu/departments/physical-therapy/physical-therapy-program,82,1.000,url_added
The George Washington University,Washington,DC,Doctor of Physical Therapy,http://physicaltherapy.smhs.gwu.edu,https://smhs.gwu.edu/physical-therapy/dpt-program/program-outcomes,83,0.933,url_added
AdventHealth University,Orlando,FL,Doctor of Physical Therapy,https://www.ahu.edu/academics/doctor-of-physical-therapy,https://www.ahu.edu/programs/doctor-of-physical-therapy/program-outcomes,98,1.000,url_added
Florida Agricultural and Mechanical University,Tallahassee,FL,Doctor of Physical Therapy,https://www.famu.edu/academics/all-programs/ahealth/physical-therapy-dpt.php,https://www.famu.edu/academics/all-programs/ahealth/physical-therapy-dpt.php,84,1.000,url_added
Florida Gulf Coast University,Fort Myers,FL,Doctor of Physical Therapy,https://www.fgcu.edu/mariebcollege/rehabilitationsciences/physicaltherapy/doctorofphysicaltherapy-dpt,https://www.fgcu.edu/mariebcollege/rehabilitationsciences/physicaltherapy/doctorofphysicaltherapy-dpt,92,1.000,url_added
Florida International University,Miami,FL,Doctor of Physical Therapy,https://cnhs.fiu.edu/academics/physical-therapy/index.html,https://cnhs.fiu.edu/academics/physical-therapy/outcomes/index.html,85,1.000,url_added
Florida Southern College,Lakeland,FL,Doctor of Physical Therapy,https://www.flsouthern.edu/adult-graduate/doctoral/programs/dpt-physical-therapy.aspx,https://www.flsouthern.edu/academic-life/all-academic-programs/adult/doctoral/doctor-of-physical-therapy,99,1.000,url_added
Gannon University - Florida,Ruskin,FL,Doctor of Physical Therapy,https://www.gannon.edu/academic-offerings/health-professions-and-sciences/ruskin/physical-therapy/,https://www.gannon.edu/academic-offerings/health-professions-and-sciences/ruskin/physical-therapy/program-goals-and-outcomes/,97,1.000,url_added
Nova Southeastern University-Ft Lauderdale,Ft Lauderdale,FL,Doctor of Physical Therapy,https://osteopathic.nova.edu/degrees/doctoral/physical-therapy/index.html,https://osteopathic.nova.edu/degrees/doctoral/physical-therapy/index.html,90,1.000,url_added
Nova Southeastern University-Tampa,Clearwater,FL,Doctor of Physical Therapy,https://osteopathic.nova.edu/degrees/doctoral/physical-therapy/tampa/index.html,https://osteopathic.nova.edu/degrees/doctoral/physical-therapy/tampa/index.html,94,1.000,url_added
University of Central Florida,Orlando,FL,Doctor of Physical Therapy,https://healthprofessions.ucf.edu/physicaltherapy/,https://healthprofessions.ucf.edu/physicaltherapy/outcomes/,89,1.000,url_added
University of Florida,Gainesville,FL,Doctor of Physical Therapy,https://phhp.ufl.edu/academics/phd-and-professional-programs/physical-therapy-doctorate/,https://pt.phhp.ufl.edu/education-programs/accreditation/,86,1.000,url_added
University of Miami,Coral Gables,FL,Doctor of Physical Therapy,https://med.miami.edu/departments/physical-therapy/education/dpt-program,https://med.miami.edu/departments/physical-therapy/education/dpt-program,87,1.000,url_added
University of North Florida,Jacksonville,FL,Doctor of Physical Therapy,https://www.unf.edu/brooks/physical-therapy/doctor-physical-therapy.html,https://www.unf.edu/brooks/physical-therapy/doctor-physical-therapy.html,88,1.000,url_added
University of South Florida,Tampa,FL,Doctor of Physical Therapy,https://health.usf.edu/medicine/dpt,https://health.usf.edu/medicine/dpt/accreditation,93,1.000,url_added
University of St Augustine for Health Sciences-Florida,St Augustine,FL,Doctor of Physical Therapy,https://www.usa.edu/college-of-rehabilitative-sciences/doctor-physical-therapy/,https://www.usa.edu/college-of-rehabilitative-sciences/doctor-physical-therapy/,91,1.000,url_added
University of St Augustine for Health Sciences-Florida (Expansion 3),St Augustine,FL,DPT,https://www.usa.edu/college-of-rehabilitative-sciences/doctor-physical-therapy/,https://www.usa.edu/college-of-rehabilitative-sciences/doctor-physical-therapy/,91,1.000,url_added
University of St Augustine for Health Sciences-Florida - (Expansion 2),Coral Gables,FL,Doctor of Physical Therapy,https://www.usa.edu/college-of-rehabilitative-sciences/doctor-physical-therapy/,https://www.usa.edu/college-of-rehabilitative-sciences/doctor-physical-therapy/,91,1.000,url_added
University of St Augustine for Health Sciences-Florida - (Expansion),St Augustine,FL,Doctor of Physical Therapy,https://www.usa.edu/college-of-rehabilitative-sciences/doctor-physical-therapy/,https://www.usa.edu/college-of-rehabilitative-sciences/doctor-physical-therapy/,91,1.000,url_added
Augusta University,Augusta,GA,Doctor of Physical Therapy,https://www.augusta.edu/alliedhealth/physical-therapy/,https://www.augusta.edu/alliedhealth/physical-therapy/,102,1.000,url_added
Brenau University,Gainesville,GA,Doctor of Physical Therapy,http://www.brenau.edu/healthsciences/physicaltherapy/,https://www.brenau.edu/healthsciences/physicaltherapy/,106,1.000,url_added
Emory University,Atlanta,GA,Doctor of Physical Therapy,https://med.emory.edu/departments/rehabilitation-medicine/dpt/education/dpt-program/index.html,https://med.emory.edu/departments/rehabilitation-medicine/dpt/about/accreditation.html,100,1.000,url_added
Georgia Southern University,Savannah,GA,Doctor of Physical Therapy,https://chp.georgiasouthern.edu/rehabilitation/graduate-programs/doctor-of-physical-therapy/,https://chp.georgiasouthern.edu/rehabilitation/graduate-programs/doctor-of-physical-therapy/,104,1.000,url_added
Georgia State University,Atlanta,GA,Doctor of Physical Therapy,http://physicaltherapy.gsu.edu/,https://lewis.gsu.edu/pt/pt-about/,101,1.000,url_added
Mercer University,Atlanta,GA,Doctor of Physical Therapy,https://chp.mercer.edu/academics-and-departments/physical-therapy/,https://chp.mercer.edu/academics-and-departments/physical-therapy/dpt-program/class-statistics-outcomes-and-financial-fact-sheet/,105,1.000,url_added
Philadelphia College of Osteopathic Medicine - Georgia,Suwanee,GA,Doctor of Physical Therapy,https://www.pcom.edu/academics/programs-and-degrees/physical-therapy/,https://www.pcom.edu/academics/programs-and-degrees/physical-therapy/outcomes.html,107,0.917,url_added
South College - Atlanta Campus,Atlanta,GA,DPT,https://www.south.edu/programs/doctor-physical-therapy-atlanta/,www.n/a.com,108,0.857,url_added
University of North Georgia,Dahlonega,GA,Doctor of Physical Therapy,https://ung.edu/physical-therapy,https://ung.edu/degrees/graduate/physical-therapy-dpt.php,103,1.000,url_added
Hawai'i Pacific University,Honolulu,HI,Doctor of Physical Therapy,https://www.hpu.edu/gchs/dpt/info.html,https://www.hpu.edu/gchs/dpt/info.html,109,0.980,url_added
Idaho State University,Pocatello,ID,Doctor of Physical Therapy,https://www.isu.edu/pt/,https://www.isu.edu/pt/about/accreditation-and-licensing/,110,1.000,url_added
Bradley University,Peoria,IL,Doctor of Physical Therapy,https://www.bradley.edu/academics/programs/doctor-of-physical-therapy/,https://www.bradley.edu/academics/programs/doctor-of-physical-therapy/,115,1.000,url_added
Governors State University,University Park,IL,Doctor of Physical Therapy,https://www.govst.edu/DPT/,https://www.govst.edu/Academics/Colleges_and_Programs/College_of_Health_and_Human_Services/Departments/Department_of_Physical_Therapy/Doctor_of_Physical_Therapy/Doctor_of_Physical_Therapy_Student_Outcomes/,117,1.000,url_added
Midwestern University - IL,Downers Grove,IL,Doctor of Physical Therapy,https://www.midwestern.edu/academics/degrees-programs/college-health-sciences/doctor-physical-therapy- program/physical-therapy-downers-grove,https://www.midwestern.edu/academics/degrees-programs/college-health-sciences/doctor-physical-therapy- program/physical-therapy-downers-grove,116,1.000,url_added
North Central College,Naperville,IL,DPT,https://www.northcentralcollege.edu/program/doctor-physical-therapy,https://www.northcentralcollege.edu/program/doctor-physical-therapy,118,1.000,url_added
Northern Illinois University,DeKalb,IL,Doctor of Physical Therapy,https://www.chhs.niu.edu/ahcd/programs/physical-therapy/dpt/index.shtml,https://www.chhs.niu.edu/ahcd/about/student-outcomes.shtml,111,1.000,url_added
Northwestern University,Chicago,IL,Doctor of Physical Therapy,https://www.feinberg.northwestern.edu/sites/pthms/,https://www.feinberg.northwestern.edu/sites/pthms/education/dpt/class-profile-outcomes.html,112,1.000,url_added
Rosalind Franklin University of Medicine and Science,North Chicago,IL,Doctor of Physical Therapy,https://www.rosalindfranklin.edu/academics/college-of-health-professions/degree-programs/doctor-of-physical-therapy-dpt/,https://www.rosalindfranklin.edu/academics/college-of-health-professions/degree-programs/doctor-of-physical-therapy-dpt/program-overview/,113,1.000,url_added
The University of Illinois at Chicago,Chicago,IL,Doctor of Physical Therapy,https://ahs.uic.edu/physical-therapy/admissions-and-programs/doctor-of-physical-therapy/,https://ahs.uic.edu/physical-therapy/admissions-and-programs/doctor-of-physical-therapy/,114,0.943,url_added
Hanover College,Hanover,IN,Doctor of Physical Therapy,https://dptprogram.hanover.edu/,https://dptprogram.hanover.edu/academics/,124,1.000,url_added
Indiana State University,Terre Haute,IN,Doctor of Physical Therapy,https://indianastate.edu/academics/colleges/health-human-services/amr/dpt,https://indianastate.edu/academics/colleges/health-human-services/amr/dpt,123,1.000,url_added
Indiana University,Indianapolis,IN,Doctor of Physical Therapy,https://shhs.indianapolis.iu.edu/academics/physical-therapy/doctor-physical-therapy/index.html,https://shhs.indianapolis.iu.edu/academics/physical-therapy/doctor-physical-therapy/student-outcomes.html,119,1.000,url_added
Indiana Wesleyan University,Marion,IN,Doctor in Physical Therapy,https://www.indwes.edu/program/doctor-of-physical-therapy/,https://www.indwes.edu/program/doctor-of-physical-therapy/,125,1.000,url_added
Trine University - Angola,Fort Wayne,IN,Doctor of Physical Therapy,https://www.trine.edu/dpt,https://www.trine.edu/academics/majors-degrees/graduate/doctor-physical-therapy/dpt-outcomes.aspx,,0.821,no_match
University of Evansville,Evansville,IN,Doctor of Physical Therapy,https://www.evansville.edu/majors/physicaltherapy/,https://www.evansville.edu/majors/physicaltherapy/,120,1.000,url_added
University of Indianapolis,Indianapolis,IN,Entry-Level Doctor of Physical Therapy,http://uindy.edu/health-sciences/pt/dpt,http://uindy.edu/health-sciences/pt/accreditation,121,1.000,url_added
Allen College,Waterloo,IA,Doctor of Physical Therapy,https://www.allencollege.edu/doctor-of-physical-therapy.aspx,https://www.allencollege.edu/our-programs/school-of-health-sciences/doctor-of-physical-therapy,131,1.000,url_added
Briar Cliff University,Sioux City,IA,Doctor of Physical Therapy,https://www.briarcliff.edu/current-chargers/academics/doctor-of-physical-therapy,https://www.briarcliff.edu/current-chargers/academics/doctor-of-physical-therapy,130,1.000,url_added
Clarke University,Dubuque,IA,Doctor of Physical Therapy,https://www.clarke.edu/academics/doctor-of-physical-therapy/,https://www.clarke.edu/academics/doctor-of-physical-therapy/doctor-physical-therapy-mission-outcomes/,129,1.000,url_added
Des Moines University - Osteopathic Medical Center,West Des Moines,IA,Doctor of Physical Therapy,http://www.dmu.edu/pt/,https://www.dmu.edu/pt/program-outcomes/,127,1.000,url_added
St Ambrose University,Davenport,IA,Doctor of Physical Therapy,www.sau.edu/pt,www.sau.edu/pt,128,1.000,url_added
The University of Iowa,Iowa City,IA,Doctor of Physical Therapy,pt.medicine.uiowa.edu,pt.medicine.uiowa.edu/education/doctor-physical-therapy-program,126,0.850,url_added
University of Kansas Medical Center,Kansas City,KS,Doctor of Physical Therapy,https://www.kumc.edu/school-of-health-professions/academics/departments/physical-therapy-rehabilitation-science-and-athletic-training/academics/doctor-of-physical-therapy.htmlademics/doctor-of-physical-therapy.html?=redirect,https://www.kumc.edu/school-of-health-professions/academics/departments/physical-therapy-rehabilitation-science-and-athletic-training/academics/doctor-of-physical-therapy/accreditation-and-outcomes.html,132,1.000,url_added
University of Saint Mary,Leavenworth,KS,Doctor of Physical Therapy,http://www.stmary.edu/dpt,http://www.stmary.edu/dptoutcomes,134,1.000,url_added
Wichita State University,Wichita,KS,Doctor of Physical Therapy,https://www.wichita.edu/pt,https://www.wichita.edu/academics/health_professions/pt/aboutpt.php,133,1.000,url_added
Bellarmine University,Louisville,KY,Doctor of Physical Therapy,https://www.bellarmine.edu/health-professions/graduate/doctor-of-physical-therapy/,https://www.bellarmine.edu/health-professions/graduate/doctor-of-physical-therapy/outcomes/,136,1.000,url_added
University of the Cumberlands,Williamsburg,KY,DPT,https://www.ucumberlands.edu/academics/graduate/doctor-physical-therapy-dpt,https://www.ucumberlands.edu/academics/graduate/doctor-physical-therapy-dpt,138,1.000,url_added
Western Kentucky University,Bowling Green,KY,Doctor of Physical Therapy,http://www.wku.edu/physicaltherapy/,https://www.wku.edu/physicaltherapy/cost_estimate.php,137,1.000,url_added
Franciscan Missionaries of Our Lady University,Baton Rouge,LA,Doctor of Physical Therapy,https://franu.edu/academics/programs/dpt/index.html,https://franu.edu/academics/academic-programs/physical-therapy,141,1.000,url_added
Louisiana State University Health Sciences Center in New Orleans,New Orleans,LA,Doctor of Physical Therapy,http://alliedhealth.lsuhsc.edu/pt,https://alliedhealth.lsuhsc.edu/pt/admissionrequirements.aspx,139,0.924,url_added
Louisiana State University Health Sciences Center in Shreveport,Shreveport,LA,Doctor of Physical Therapy,https://shps.lsuhs.edu/academics/graduate-programs/doctor-physical-therapy,https://shps.lsuhs.edu/academics/graduate-programs/doctor-physical-therapy/shreveport-residential-program,140,0.923,url_added
Louisiana State University Health Sciences Center in Shreveport (Expansion),Lafayette,LA,DPT,https://shps.lsuhs.edu/academics/graduate-programs/doctor-physical-therapy,https://shps.lsuhs.edu/academics/graduate-programs/doctor-physical-therapy/shreveport-residential-program,140,0.923,url_added
Husson University,Bangor,ME,Doctor of Physical Therapy,https://www.husson.edu/college-of-health-and-pharmacy/school-of-physical-therapy/,https://www.husson.edu/college-of-health/school-of-physical-therapy/pt-job-placement?utm_medium=SEM&utm_source=Google&utm_campaign=physicaltherapygrad_search,143,1.000,url_added
University of New England,Portland,ME,Doctor of Physical Therapy,https://www.une.edu/wchp/pt,https://www.une.edu/wchp/pt,142,1.000,url_added
University of Maryland - Baltimore,Baltimore,MD,Doctor of Physical Therapy,http://pt.umaryland.edu,https://pt.umaryland.edu/Graduate-Outcomes/,144,1.000,url_added
University of Maryland - Eastern Shore,Princess Anne,MD,Doctor of Physical Therapy,https://wwwcp.umes.edu/pt/,https://wwwcp.umes.edu/pt/student-achievements-outcomes/,145,1.000,url_added
American International College,Springfield,MA,Doctor of Physical Therapy,https://www.aic.edu/school-of-health-sciences/program/physical-therapy/,http://www.aic.edu/academics/hs/physical_therapy,41,1.000,url_added
Boston University,Boston,MA,Doctor of Physical Therapy,https://www.bu.edu/sargent/academics/departments-programs/physical-therapy-department/doctor-of-physical-therapy/,https://www.bu.edu/sargent/academics/departments-programs/physical-therapy-department/doctor-of-physical-therapy/accreditation,35,1.000,url_added
MCPHS University,Worcester,MA,Doctor of Physical Therapy,https://www.mcphs.edu/academics/programs/physical-therapy-dpt,https://www.mcphs.edu/academics/programs/physical-therapy-dpt/student-outcomes,42,1.000,url_added
MGH Institute of Health Professions,Boston,MA,Doctor of Physical Therapy,https://www.mghihp.edu/health-rehabilitation-sciences/departments-programs/physical-therapy/dpt,https://www.mghihp.edu/health-rehabilitation-sciences/departments-programs/physical-therapy/dpt,40,1.000,url_added
Simmons University,Boston,MA,Doctor of Physical Therapy,https://www.simmons.edu/graduate/academic-programs/graduate-and-certificate-programs/physical-therapy,https://www.simmons.edu/graduate/academic-programs/graduate-and-certificate-programs/physical-therapy,37,1.000,url_added
Springfield College,Springfield,MA,Doctor of Physical Therapy,http://springfield.edu/programs/physical-therapy-doctoral-degree,http://springfield.edu/programs/physical-therapy-doctoral-degree/outcomes,38,1.000,url_added
"Tufts University - Boston, MA",Boston,MA,Doctor of Physical Therapy,https://medicine.tufts.edu/academics/physical-therapy,https://medicine.tufts.edu/academics/physical-therapy/career-pathways-outcomes,,0.762,no_match
University of Massachusetts Lowell,Lowell,MA,Doctor of Physical Therapy,https://www.uml.edu/Health-Sciences/PT/Graduate/,https://www.uml.edu/Health-Sciences/PT/Graduate/,39,1.000,url_added
Andrews University,Berrien Springs,MI,Doctor of Physical Therapy,https://www.andrews.edu/chhs/srs/menudpt/index.html,https://www.andrews.edu/chhs/srs/pt/entry-level-chhs/,146,1.000,url_added
Central Michigan University,Mt Pleasant,MI,Doctor of Physical Therapy,https://www.cmich.edu/academics/colleges/herbert-h-grace-a-dow-college-of-health-professions/departments/department-physical-therapy,https://www.cmich.edu/academics/colleges/herbert-h-grace-a-dow-college-of-health-professions/departments/department-physical-therapy/program-outcome-statistics,151,1.000,url_added
Central Michigan University - (Expansion),Houghton,MI,Doctor of Physical Therapy,https://www.cmich.edu/academics/colleges/herbert-h-grace-a-dow-college-of-health-professions/departments/department-physical-therapy,https://www.cmich.edu/academics/colleges/herbert-h-grace-a-dow-college-of-health-professions/degrees-programs/departments/department-physical-therapy/program-outcome-statistics,151,1.000,url_added
Concordia University Ann Arbor,Ann Arbor,MI,DPT,www.cuaa.edu/academics/programs/doctor-physical-therapy,www.n/a.com,154,1.000,url_added
Grand Valley State University,Grand Rapids,MI,Doctor of Physical Therapy,https://www.gvsu.edu/pt/,https://www.gvsu.edu/pt/program-effectiveness-data-111.htm,147,1.000,url_added
University of Michigan - Flint,Flint,MI,Doctor of Physical Therapy,https://www.umflint.edu/graduateprograms/physical-therapy-entry-level-dpt,https://www.umflint.edu/graduateprograms/physical-therapy-entry-level-dpt,149,1.000,url_added
Wayne State University,Detroit,MI,Doctor of Physical Therapy,https://applebaum.wayne.edu/physical-therapy,https://applebaum.wayne.edu/physical-therapy/accreditation,150,1.000,url_added
Western Michigan University,Kalamazoo,MI,Doctor of Physical Therapy,https://wmich.edu/physicaltherapy,https://wmich.edu/physicaltherapy/dpt/outcomes,153,1.000,url_added
College of St Scholastica,Duluth,MN,Doctor of Physical Therapy,https://www.css.edu/academics/programs/doctorate/doctor-of-physical-therapy-dpt/,https://www.css.edu/academics/programs/doctorate/doctor-of-physical-therapy-dpt/,155,1.000,url_added
Concordia University-Saint Paul,Saint Paul,MN,Doctor of Physical Therapy,https://www.csp.edu/program/doctor-of-physical-therapy/,https://www.csp.edu/program/doctor-of-physical-therapy/,159,1.000,url_added
Mayo Clinic School of Health Sciences,Rochester,MN,Doctor of Physical Therapy,https://college.mayo.edu/academics/health-sciences-education/physical-therapy-doctoral-program-minnesota/,https://college.mayo.edu/academics/health-sciences-education/physical-therapy-doctoral-program-minnesota/,156,1.000,url_added
St Catherine University,St. Paul,MN,Doctor of Physical Therapy,https://www.stkate.edu/academics/academic-programs/gc-physical-therapy,https://www.stkate.edu/accreditation/program-accreditation/dpt-ac,158,1.000,url_added
University of Minnesota,Minneapolis,MN,Doctor of Physical Therapy,https://med.umn.edu/fmch/physical-therapy/doctor-physical-therapy,https://med.umn.edu/fmch/physical-therapy/doctor-physical-therapy,157,1.000,url_added
University of Mississippi at the Medical Center,Jackson,MS,Doctor of Physical Therapy,https://www.umc.edu/shrp/Physical%20Therapy/Physical-Therapy.html,https://www.umc.edu/shrp/Physical%20Therapy/Doctoral%20PT%20Degree/Degree%20and%20Accreditation.html,160,1.000,url_added
William Carey University,Hattiesburg,MS,Doctor of Physical Therapy,https://www.wmcarey.edu/program/doctoral-physical-therapy,https://www.wmcarey.edu/health-sciences/physical-therapy/accreditation,161,1.000,url_added
William Carey University - (Expansion),Hattiesburg,MS,Doctor of Physical Therapy,https://www.wmcarey.edu/program/doctoral-physical-therapy,https://www.wmcarey.edu/health-sciences/physical-therapy/accreditation,161,1.000,url_added
Graceland University,Independence,MO,DPT,https://www.graceland.edu/programs/doctor-of-physical-therapy/,https://www.graceland.edu/programs/doctor-of-physical-therapy/,169,1.000,url_added
Maryville University of Saint Louis,St Louis,MO,Doctor of Physical Therapy,http://www.maryville.edu/hp/doctor-of-physical-therapy,http://www.maryville.edu/hp/doctor-of-physical-therapy/program-features/,162,1.000,url_added
Missouri State University,Springfield,MO,Doctor of Physical Therapy,https://www.missouristate.edu/PhysicalTherapy/,https://www.missouristate.edu/physicaltherapy/doctorate/pass-rates.htm,168,1.000,url_added
Rockhurst University,Kansas City,MO,Doctor of Physical Therapy,https://www.rockhurst.edu/physical-therapy,https://www.rockhurst.edu/physical-therapy/student-outcomes-accreditation/graduation-licensure-employment-rates,163,1.000,url_added
Saint Louis University,St Louis,MO,Doctor of Physical Therapy,https://www.slu.edu/doisy/degrees/undergraduate/physical-therapy-program/index.php,https://www.slu.edu/doisy/degrees/undergraduate/physical-therapy-program/index.php,164,1.000,url_added
Southwest Baptist University,Bolivar,MO,Doctor of Physical Therapy,https://www.sbuniv.edu/academics/programs/physical-therapy.php,https://www.sbuniv.edu/academics/programs/physical-therapy.php,167,1.000,url_added
University of Missouri,Columbia,MO,Doctor of Physical Therapy,https://healthsciences.missouri.edu/physical-therapy/doctor-of-physical-therapy/,https://healthsciences.missouri.edu/physical-therapy/doctor-of-physical-therapy/accreditation/,165,1.000,url_added
Washington University in St Louis,St. Louis,MO,Doctor of Physical Therapy,https://pt.wustl.edu/education/doctor-of-physical-therapy/,https://pt.wustl.edu/education/doctor-of-physical-therapy/success-statistics/,166,1.000,url_added
The University of Montana - Missoula,Missoula,MT,Doctor of Physical Therapy,https://www.umt.edu/physical-therapy/,https://www.umt.edu/physical-therapy/,170,0.938,url_added
College of Saint Mary,Omaha,NE,Doctor of Physical Therapy,https://www.csm.edu/academics/doctorate-physical-therapy,https://www.csm.edu/academics/doctor-physical-therapy-program-outcomes-0,173,0.923,url_added
Creighton University,Omaha,NE,Doctor of Physical Therapy,https://www.creighton.edu/pharmacy-ot-pt/physical-therapy,https://www.creighton.edu/academics/programs/physical-therapy-omaha,172,1.000,url_added
University of Nebraska Medical Center,Omaha,NE,Doctor of Physical Therapy,https://www.unmc.edu/alliedhealth/academics/programs/pt/index.html,https://www.unmc.edu/alliedhealth/academics/programs/pt/index.html,171,1.000,url_added
Touro University Nevada,Henderson,NV,Doctor of Physical Therapy,https://tun.touro.edu/programs/physical-therapy/,https://tun.touro.edu/programs/physical-therapy/,175,1.000,url_added
"University of Nevada, Las Vegas",Las Vegas,NV,Doctor of Physical Therapy,https://www.unlv.edu/pt,https://www.unlv.edu/pt/exam-rates,174,1.000,url_added
Franklin Pierce University-NH,Manchester,NH,Doctor of Physical Therapy,https://www.franklinpierce.edu/academics/programs/physical-therapy/index.html,https://www.franklinpierce.edu/academics/programs/physical-therapy/docs/DPT-Outcome-Data-NH.pdf,176,1.000,url_added
Plymouth State University,Plymouth,NH,Doctor of Physical Therapy,https://www.plymouth.edu/doctor-physical-therapy/program/dpt/doctor-physical-therapy,https://www.plymouth.edu/doctor-physical-therapy/program/dpt/doctor-physical-therapy,177,1.000,url_added
Kean University,Union,NJ,Doctor of Physical Therapy,https://www.kean.edu/academics/physical-therapy,https://www.kean.edu/academics/school-physical-therapy/dpt-accreditation,181,1.000,url_added
"Rutgers, The State University of New Jersey",Newark,NJ,Doctor of Physical Therapy,https://shp.rutgers.edu/rehabilitation-movement-sciences/doctorate-in-physical-therapy/,https://shp.rutgers.edu/rehabilitation-movement-sciences/doctorate-in-physical-therapy/,178,1.000,url_added
Seton Hall University,Nutley,NJ,Doctor of Physical Therapy,http://www.shu.edu/academics/doctor-physical-therapy.cfm,http://www.shu.edu/physical-therapy/outcomes.cfm,180,1.000,url_added
Stockton University,Galloway,NJ,Doctor of Physical Therapy,https://stockton.edu/graduate/physical-therapy.html,https://stockton.edu/graduate/physical-therapy.html,179,1.000,url_added
University of New Mexico,Albuquerque,NM,Doctor of Physical Therapy,https://hsc.unm.edu/medicine/departments/ortho-rehab/physical-therapy/,https://hsc.unm.edu/medicine/departments/ortho-rehab/physical-therapy/,182,1.000,url_added
Clarkson University,Potsdam,NY,Doctor of Physical Therapy,https://www.clarkson.edu/academics/schools-colleges/health/physical-therapy-department,https://www.clarkson.edu/academics/majors-minors/dpt,29,1.000,url_added
Columbia University,New York,NY,Doctor of Physical Therapy,https://www.vagelos.columbia.edu/education/academic-programs/programs-physical-therapy/doctor-physical-therapy,https://www.ps.columbia.edu/education/academic-programs/programs-physical-therapy/doctor-physical-therapy/accreditation,11,1.000,url_added
D'Youville University,Buffalo,NY,Doctor of Physical Therapy,https://www.dyu.edu/academics/schools-and-departments/school-health-professions/physical-therapy,https://www.dyu.edu/academics/schools-and-departments/school-health-professions/physical-therapy/physical-therapy,,0.778,no_match
Daemen University,Amherst,NY,Doctor of Physical Therapy,http://www.daemen.edu/academics/areas-study/physical-therapy,https://www.daemen.edu/academics/scott-bieler-college-health-professions/physical-therapy/student-outcomes,12,1.000,url_added
Dominican University New York,Orangeburg,NY,Doctor of Physical Therapy,https://www.duny.edu/physical-therapy/dpt-program/,https://www.duny.edu/physical-therapy/dpt-program/,31,1.000,url_added
Hunter College (CUNY),New York,NY,Doctor of Physical Therapy,https://hunter.cuny.edu/physical-therapy/,https://hunter.cuny.edu/physical-therapy/cohort-profiles/,13,1.000,url_added
Ithaca College,Ithaca,NY,Doctor of Physical Therapy,http://www.ithaca.edu/pt,http://www.ithaca.edu/pt,14,1.000,url_added
Long Island University - Brooklyn Campus,Brooklyn,NY,Doctor of Physical Therapy,www.liu.edu/dpt,www.liu.edu/dpt,15,1.000,url_added
Marist University,Poughkeepsie,NY,Doctor of Physical Therapy,https://www.marist.edu/doctor-physical-therapy-dpt,https://www.marist.edu/science/doctor-physical-therapy/program-performance,,0.848,no_match
Mercy University- PT,Dobbs Ferry,NY,Bachelor of Science in Health Science/Doctor of Physical Therapy,https://www.mercy.edu/academics/programs/doctor-physical-therapy-details,https://www.mercy.edu/academics/programs/doctor-physical-therapy-details,25,0.914,url_added
Nazareth University,Rochester,NY,Doctor of Physical Therapy,https://www2.naz.edu/dept/physical-therapy,https://www2.naz.edu/dept/physical-therapy,30,1.000,url_added
New York Institute of Technology,Old Westbury,NY,Doctor of Physical Therapy,https://www.nyit.edu/academics/degrees/physical-therapy-dpt/,https://www.nyit.edu/academics/health-professions/physical-therapy/about/outcomes-and-objectives/,28,1.000,url_added
New York Medical College,Valhalla,NY,Doctor of Physical Therapy,https://www.nymc.edu/shsp/programs/physical-therapy/,https://www.nymc.edu/shsp/programs/physical-therapy/outcomes/,26,1.000,url_added
New York University,New York,NY,Doctor of Physical Therapy,https://steinhardt.nyu.edu/degree/doctor-physical-therapy,https://steinhardt.nyu.edu/degree/doctor-physical-therapy,16,1.000,url_added
Russell Sage College,Troy,NY,Doctor of Physical Therapy,https://www.sage.edu/academics/schools/health-sciences/physical-therapy-programs/,https://www.sage.edu/academics/schools/health-sciences/physical-therapy-programs/,17,1.000,url_added
State University of New York Upstate Medical University,Syracuse,NY,Doctor of Physical Therapy,https://www.upstate.edu/chp/programs/physical-therapy/index.php,https://www.upstate.edu/chp/programs/physical-therapy/accreditation-program-data.php,21,0.942,url_added
Stony Brook University,Stony Brook,NY,Doctor of Physical Therapy,https://healthprofessions.stonybrookmedicine.edu/programs/pt,https://healthprofessions.stonybrookmedicine.edu/programs/pt,20,1.000,url_added
Stony Brook University - (Expansion),Southampton,NY,Doctor of Physical Therapy,https://healthprofessions.stonybrookmedicine.edu/programs/pt,https://healthprofessions.stonybrookmedicine.edu/programs/pt,20,1.000,url_added
SUNY (State University of New York) Downstate Health Sciences University,Brooklyn,NY,Doctor of Physical Therapy (DPT) and Bachelor of Science (BS) in Health Sciences,https://www.downstate.edu/education-training/school-of-health-professions/programs/physical-therapy/index.html,https://www.downstate.edu/education-training/school-of-health-professions/programs/physical-therapy/accreditation-outcomes.html,19,1.000,url_added
The College of Staten Island,Staten Island,NY,Clinical Doctor of Physical Therapy (DPT),https://www.csi.cuny.edu/academics-and-research/departments-programs/physical-therapy,https://www.csi.cuny.edu/academics-and-research/departments-programs/physical-therapy/frequently-asked-questions,24,1.000,url_added
Touro University - (Expansion),New York,NY,Dual BS in Health Sciences/Doctor of Physical Therapy,https://shs.touro.edu/programs/doctor-of-physical-therapy/,https://shs.touro.edu/programs/doctor-of-physical-therapy/program-statistics/,22,1.000,url_added
Touro University- PT,Central Islip,NY,Dual BS in Health Sciences/Doctor of Physical Therapy,https://shs.touro.edu/programs/doctor-of-physical-therapy/,https://shs.touro.edu/programs/doctor-of-physical-therapy/program-statistics/,22,0.914,url_added
"University at Buffalo, State University of New York",Buffalo,NY,Doctor of Physical Therapy,http://sphhp.buffalo.edu/rs/dpt/,http://sphhp.buffalo.edu/rehabilitation-science/education/doctor-of-physical-therapy-dpt.html,18,1.000,url_added
Utica University,Utica,NY,Doctor of Physical Therapy,https://www.utica.edu/academics/programs/physical-therapy-entry-level,https://www.utica.edu/academics/programs/physical-therapy-entry-level,27,1.000,url_added
Campbell University,Lillington,NC,Doctor of Physical Therapy,https://cphs.campbell.edu/academic-programs/physical-therapy/doctor-of-physical-therapy/,https://cphs.campbell.edu/academic-programs/physical-therapy/doctor-of-physical-therapy/program-outcomes/,194,1.000,url_added
Duke University,Durham,NC,Doctor of Physical Therapy,https://medschool.duke.edu/education/health-professions-education-programs/doctor-physical-therapy-program,https://dpt.duhs.duke.edu/about/about-duke-doctor-physical-therapy-program,188,1.000,url_added
East Carolina University,Greenville,NC,Doctor of Physical Therapy,https://pt.ecu.edu/,https://pt.ecu.edu/about/applicant-outcomes/,189,1.000,url_added
Elon University,Elon,NC,Doctor of Physical Therapy,https://www.elon.edu/u/academics/health-sciences/dpt/,https://www.elon.edu/u/academics/health-sciences/dpt/outcomes/graduate-outcomes/,193,1.000,url_added
High Point University,High Point,NC,Doctor of Physical Therapy,http://www.highpoint.edu/physicaltherapy/,http://www.highpoint.edu/physicaltherapy/accreditationinfo/,196,1.000,url_added
Methodist University,Fayetteville,NC,Doctor of Physical Therapy,https://www.methodist.edu/academics/program/dpt/,https://www.methodist.edu/academics/program/dpt/outcomes/,197,1.000,url_added
The University of North Carolina at Chapel Hill,Chapel Hill,NC,Doctor of Physical Therapy,https://www.med.unc.edu/healthsciences/physical/,https://www.med.unc.edu/healthsciences/physical/academic-programs/doctor-of-physical-therapy/student-outcomes/,190,0.956,url_added
Western Carolina University,Cullowhee,NC,Doctor of Physical Therapy,https://www.wcu.edu/learn/departments-schools-colleges/HHS/pt/,https://www.wcu.edu/learn/departments-schools-colleges/HHS/pt/outcomes.aspx,192,1.000,url_added
Wingate University,Wingate,NC,Doctor of Physical Therapy,https://www.wingate.edu/academics/graduate/physical-therapy,https://www.wingate.edu/academics/graduate/physical-therapy,195,1.000,url_added
Winston-Salem State University,Winston-Salem,NC,Doctor of Physical Therapy,https://www.wssu.edu/academics/colleges-and-departments/school-of-health-sciences/department-of-physical-therapy/index.html,https://www.wssu.edu/academics/colleges-and-departments/school-of-health-sciences/department-of-physical-therapy/accreditation-and-program-outcomes.html,191,1.000,url_added
University of Mary,Bismarck,ND,Doctor of Physical Therapy,https://www.umary.edu/academics/graduate-programs/physical-therapy,https://catalog.umary.edu/preview_entity.php?catoid=7&ent_oid=196&returnto=717,199,1.000,url_added
University of North Dakota,Grand Forks,ND,Doctor of Physical Therapy,https://med.und.edu/education-training/physical-therapy/index.html,https://med.und.edu/physical-therapy/overview.html,198,1.000,url_added
Bowling Green State University,Bowling Green,OH,DPT,https://www.bgsu.edu/academics/graduate/physical-therapy-doctoral.html,https://www.bgsu.edu/health-and-human-services/programs/school-of-physical-and-occupational-therapy/doctor-of-physical-therapy/admissions-and-program-outcome-data.htmlissions-and-program-outcome-data.html,213,1.000,url_added
Cleveland State University,School of Health Sciences,HS,Doctor of Physical Therapy,https://health.csuohio.edu/physical-therapy,https://health.csuohio.edu/physical-therapy/doctor-physical-therapy-program,201,1.000,url_added
Mount St Joseph University,Cincinnati,OH,Doctor of Physical Therapy,https://www.msj.edu/academics/graduate-programs/doctor-of-physical-therapy/index.html,https://www.msj.edu/academics/graduate-programs/doctor-of-physical-therapy/index.html,208,1.000,url_added
Ohio University,Athens,OH,Doctor of Physical Therapy,https://www.ohio.edu/chsp/physical-therapy,https://www.ohio.edu/chsp/physical-therapy/about/accreditations,203,1.000,url_added
The Ohio State University,Columbus,OH,Doctor of Physical Therapy,https://hrs.osu.edu/academics/graduate-programs/clinical-doctorate-in-physical-therapy,https://hrs.osu.edu/academics/graduate-programs/clinical-doctorate-in-physical-therapy,204,0.913,url_added
The University of Findlay,Findlay,OH,Doctor of Physical Therapy,https://www.findlay.edu/health-professions/physical-therapy/,https://www.findlay.edu/health-professions/physical-therapy/program-outcomes,,0.783,no_match
The University of Findlay - (Expansion),Findlay,OH,Doctor of Physical Therapy,https://www.findlay.edu/health-professions/physical-therapy/traditional-program,https://www.findlay.edu/health-professions/physical-therapy/program-outcomes,,0.783,no_match
University of Cincinnati,Cincinnati,OH,Doctor of Physical Therapy,http://www.cahs.uc.edu/departments/rens/academic-programs/dpt-in-physical-therapy,https://cahs.uc.edu/academic-programs/graduate-programs/physical-therapy/program-outcomes.html,206,1.000,url_added
University of Dayton,Dayton,OH,Doctor of Physical Therapy,https://udayton.edu/academics/programs/physical-therapy-dpt/index.php,https://udayton.edu/academics/programs/physical-therapy-dpt/index.php,211,1.000,url_added
University of Mount Union,Alliance,OH,Doctor of Physical Therapy,https://www.mountunion.edu/academics/graduate-degrees/physical-therapy,https://www.mountunion.edu/pt-outcomes,212,1.000,url_added
University of Toledo,Toledo,OH,Doctor of Physical Therapy,http://www.utoledo.edu/hhs/pt/,https://www.utoledo.edu/hhs/pt/outcomes.html,202,1.000,url_added
Walsh University,North Canton,OH,Doctor of Physical Therapy,https://www.walsh.edu/doctorate-physical-therapy.html,https://www.walsh.edu/doctorate-physical-therapy.html,209,1.000,url_added
Youngstown State University,Youngstown,OH,Doctor of Physical Therapy,https://explore.ysu.edu/bitonte-college-of-health-human-services/doctor-of-physical-therapy/,https://explore.ysu.edu/bitonte-college-of-health-human-services/doctor-of-physical-therapy/,207,1.000,url_added
Langston University,Langston,OK,Doctor of Physical Therapy,https://langston.edu/academics/school/physical-therapy/,https://langston.edu/popups/pt-student-outcomes/,214,1.000,url_added
Oklahoma City University,Oklahoma City,OK,DPT,https://www.okcu.edu/academics/schools-colleges/college-of-health/doctor-of-physical-therapy,https://www.okcu.edu/academics/schools-colleges/college-of-health/doctor-of-physical-therapy/student-outcomes,216,1.000,url_added
University of Oklahoma Health Sciences Center,Oklahoma City,OK,Doctor of Physical Therapy,https://alliedhealth.ouhsc.edu/Prospective-Students/Academic-Programs/Doctor-of-Physical-Therapy-DPT-,http://bit.ly/3EkV5nA,215,1.000,url_added
George Fox University,Newberg,OR,Doctor of Physical Therapy,http://www.georgefox.edu/physical-therapy/index.html,https://www.georgefox.edu/physical-therapy/index.html,218,1.000,url_added
Oregon State University-Cascades,Bend,OR,Doctor in Physical Therapy,https://osucascades.edu/physical-therapy,https://osucascades.edu/academics/physical-therapy/admissions-requirements,220,1.000,url_added
Pacific University,Hillsboro,OR,Doctor of Physical Therapy,https://www.pacificu.edu/physical-therapy-dpt,https://www.pacificu.edu/physical-therapy-dpt/pt-student-outcome-data,217,1.000,url_added
Western University of Health Sciences-Oregon,Lebanon,OR,Doctor in Physical Therapy,https://www.westernu.edu/health-sciences/dpt-or/,https://www.westernu.edu/health-sciences/dpt-or/,219,1.000,url_added
Alvernia University,Reading,PA,Doctor of Physical Therapy,https://www.alvernia.edu/academics/grad/DPT-post-bacc,https://www.alvernia.edu/academics/graduate-programs/doctor-physical-therapy-dpt/dpt-program-outcomes,237,1.000,url_added
Arcadia University,Glenside,PA,Doctor of Physical Therapy,http://www.arcadia.edu/pt,https://www.arcadia.edu/majors-and-programs/physical-therapy-dpt/outcomes/,221,1.000,url_added
Arcadia University - (Expansion),Glenside,PA,Doctor of Physical Therapy,https://www.arcadia.edu/majors-and-programs/physical-therapy-dpt-hybrid/,https://www.arcadia.edu/majors-and-programs/physical-therapy-dpt-hybrid/outcomes/,221,1.000,url_added
Chatham University,Pittsburgh,PA,Doctor of Physical Therapy,https://www.chatham.edu/academics/graduate/physical-therapy/index.html,https://www.chatham.edu/academics/graduate/physical-therapy/accreditation.html,232,1.000,url_added
DeSales University- PT,Center Valley,PA,Doctor of Physical Therapy,https://www.desales.edu/academics/graduate-studies/dpt-doctor-of-physical-therapy,https://www.desales.edu/programs/grad/dpt,238,0.923,url_added
Drexel University,Philadelphia,PA,Doctor of Physical Therapy,https://drexel.edu/cnhp/academics/doctoral/DPT-Doctor-Physical-Therapy/,https://drexel.edu/cnhp/academics/doctoral/DPT-Doctor-Physical-Therapy/,222,1.000,url_added
Duquesne University,Pittsburgh,PA,Doctor of Physical Therapy,https://www.duq.edu/academics/colleges-and-schools/health-sciences/academic-programs/physical-therapy/index.php,https://www.duq.edu/academics/colleges-and-schools/health-sciences/academic-programs/physical-therapy/index.php,229,1.000,url_added
Gannon University - Pennsylvania,Erie,PA,Doctor of Physical Therapy,https://www.gannon.edu/academic-offerings/health-professions-and-sciences/graduate/physical-therapy/,https://www.gannon.edu/academic-offerings/health-professions-and-sciences/graduate/physical-therapy/program-outcomes/,230,1.000,url_added
Lebanon Valley College,Annville,PA,Doctor of Physical Therapy,https://www.lvc.edu/programs/physical-therapy-undergraduate/,https://www.lvc.edu/programs/physical-therapy-undergraduate/,236,1.000,url_added
Messiah University,Mechanicsburg,PA,DPT,https://www.messiah.edu/graduate/doctor-physical-therapy,https://www.messiah.edu/physical-therapy-dpt/graduate-outcomes/,239,1.000,url_added
Misericordia University,Dallas,PA,Doctor of Physical Therapy,http://www.misericordia.edu/physical-therapy,http://www.misericordia.edu/physical-therapy,231,1.000,url_added
Moravian University,Bethlehem,PA,Doctor in Physical Therapy,http://www.moravian.edu/rehab/physical-therapy-dpt,https://www.moravian.edu/rehab/physical-therapy-dpt/capte,241,1.000,url_added
Neumann University,Aston,PA,Doctor of Physical Therapy,https://www.neumann.edu/academics/grad/therapy/index.asp?hsCtaTracking=bd276a44-4942-47d1-b016-6f145819939c%7C3d68f176-1130-4dc2-853e-f600fd43fdd3,https://www.neumann.edu/academics/grad/therapy/index.asp?hsCtaTracking=bd276a44-4942-47d1-b016-6f145819939c%7C3d68f176-1130-4dc2-853e-f600fd43fdd3,234,1.000,url_added
Saint Francis University,Loretto,PA,Doctor of Physical Therapy,https://www.francis.edu/Physical-Therapy/,https://www.francis.edu/academics/degrees-programs/physical-therapy/accreditation-outcomes,235,1.000,url_added
Saint Joseph's University,Philadelphia,PA,Bachelor of Science in Health Science and Doctor of Physical Therapy,https://www.sju.edu/degree-programs/doctor-physical-therapy-dpt,https://www.sju.edu/degree-programs/doctor-physical-therapy-dpt,223,1.000,url_added
Seton Hill University,Greensburg,PA,Doctor in Physical Therapy,https://www.setonhill.edu/academics/degrees-programs/graduate-programs/physical-therapy-dpt/index.html,https://www.setonhill.edu/academics/degrees-programs/graduate-programs/physical-therapy-dpt/index.html,242,1.000,url_added
Slippery Rock University of Pennsylvania,Slippery Rock,PA,Doctor of Physical Therapy,https://www.sru.edu/academics/colleges-and-departments/cohp/departments/physical-therapy,https://www.sru.edu/academics/colleges-and-departments/cohp/departments/physical-therapy,228,1.000,url_added
Temple University,Philadelphia,PA,Doctor of Physical Therapy,https://www.temple.edu/academics/degree-programs/physical-therapy-dpt-hp-phth-dpt,https://www.temple.edu/academics/degree-programs/physical-therapy-dpt-hp-phth-dpt/dpt-accreditation-and-program-outcomes,224,1.000,url_added
Thomas Jefferson University,Philadelphia,PA,Doctor of Physical Therapy,https://www.jefferson.edu/academics/colleges-schools-institutes/rehabilitation-sciences/departments/physical-therapy.html,https://www.jefferson.edu/academics/colleges-schools-institutes/rehabilitation-sciences/departments/physical-therapy/overview/outcomes.html,225,1.000,url_added
University of Pittsburgh,Pittsburgh,PA,Doctor of Physical Therapy,https://www.shrs.pitt.edu/academics/pt/dpt/,https://www.shrs.pitt.edu/academics/pt/dpt/outcomes/,226,1.000,url_added
University of Pittsburgh - (Expansion),Pittsburgh,PA,Doctor of Physical Therapy,https://www.shrs.pitt.edu/academics/pt/dpt/,https://www.shrs.pitt.edu/academics/pt/dpt/outcomes/,226,1.000,url_added
University of Scranton,Scranton,PA,Doctor of Physical Therapy,http://www.scranton.edu/academics/pcps/physicaltherapy/,https://www.scranton.edu/academics/pcps/physicaltherapy/programs/dpt/by-the-numbers.shtml,227,1.000,url_added
Widener University,Chester,PA,Doctor of Physical Therapy,http://www.widener.edu/ipte,https://www.widener.edu/about/at-a-glance/accreditations,233,1.000,url_added
University of Puerto Rico - Medical Sciences Campus,San Juan,PR,Doctor of Physical Therapy,https://rcm1.rcm.upr.edu/eps/physical-therapy/,https://eps.rcm.upr.edu/wp-content/uploads/sites/17/2022/09/PROGRAM-OUTCOMES-DATA-2022.docx,299,1.000,url_added
University of Rhode Island,Kingston,RI,Doctor of Physical Therapy,https://web.uri.edu/physical-therapy/,https://web.uri.edu/physical-therapy/dptprogram/program-outcomes/,244,1.000,url_added
Anderson University,Greenville,SC,Doctor of Physical Therapy,https://andersonuniversity.edu/college-of-health-professions/doctorate-degree-offerings/the-school-of-physical-therapy/,https://andersonuniversity.edu/college-of-health-professions/doctorate-degree-offerings/the-school-of-physical-therapy/,247,1.000,url_added
Charleston Southern University,Charleston,SC,DPT,https://www.charlestonsouthern.edu/academics/college-of-health-sciences/physical-therapy/,https://www.charlestonsouthern.edu/academics/college-of-health-sciences/physical-therapy/program-outcomes/,248,1.000,url_added
Medical University of South Carolina,Charleston,SC,Doctor of Physical Therapy,https://chp.musc.edu/academics/physical-therapy,https://chp.musc.edu/academics/physical-therapy/accreditation-outcomes,245,1.000,url_added
Medical University of South Carolina  (Expansion),,,DPT,https://chp.musc.edu/academics/physical-therapy,https://chp.musc.edu/academics/physical-therapy/doctor-of-physical-therapy-programs/program-outcomes,245,1.000,url_added
University of South Carolina - Columbia,Columbia,SC,Doctor of Physical Therapy,https://www.sc.edu/study/colleges_schools/public_health/study/areas_of_study/physical_therapy/index.php,https://www.sc.edu/study/colleges_schools/public_health/study/areas_of_study/physical_therapy/pt_accreditation/index.php,246,1.000,url_added
Augustana University,Sioux Falls,SD,DPT,https://www.augie.edu/AUDPT,www.n/a.com,250,1.000,url_added
University of South Dakota,Vermillion,SD,Doctor of Physical Therapy,https://www.usd.edu/health-sciences/physical-therapy,https://www.usd.edu/Academics/Colleges-and-Schools/school-of-health-sciences/physical-therapy/Accreditation,249,1.000,url_added
Belmont University,Nashville,TN,Doctor of Physical Therapy,https://www.belmont.edu/health-sciences/graduate/doctorate-physical-therapy/index.html,https://www.belmont.edu/health-sciences/graduate/doctorate-physical-therapy/outcomes.html,255,1.000,url_added
East Tennessee State University,Johnson City,TN,Doctor of Physical Therapy,https://www.etsu.edu/chs/rehabilitation/physical-therapy/,https://www.etsu.edu/chs/rehabilitation/physical-therapy/,254,1.000,url_added
Lincoln Memorial University,Knoxville,TN,Doctor in Physical Therapy,http://www.lmunet.edu/dpt,https://www.lmunet.edu/cmsh/dpt/student-outcomes,257,1.000,url_added
South College - Knoxville Campus,Knoxville,TN,Doctor of Physical Therapy,https://www.south.edu/program/doctor-of-physical-therapy-knoxville/,https://www.south.edu/program/doctor-of-physical-therapy-knoxville/,256,0.868,url_added
Tennessee State University,Nashville,TN,Doctor of Physical Therapy (DPT),http://www.tnstate.edu/pt/,http://www.tnstate.edu/pt/dptoutcomes.aspx,252,1.000,url_added
The University of Tennessee at Chattanooga,Chattanooga,TN,Doctor of Physical Therapy,http://www.utc.edu/physical-therapy/,https://www.utc.edu/physical-therapy/,253,0.909,url_added
The University of Tennessee Health Science Center,Memphis,TN,Doctor of Physical Therapy,https://www.uthsc.edu/health-professions/physical-therapy/index.php,http://www.uthsc.edu/health-professions/pt/index.php,251,0.957,url_added
Angelo State University,San Angelo,TX,Doctor of Physical Therapy,https://www.angelo.edu/dept/physical_therapy/,https://www.angelo.edu/dept/physical_therapy/student_outcomes.php,267,1.000,url_added
Army-Baylor University,JBSA Fort Sam Houston,TX,Doctor of Physical Therapy,https://military.robbins.baylor.edu/physical-therapy/physical-therapy-dpt,https://military.robbins.baylor.edu/physical-therapy/physical-therapy-dpt/accreditation,263,1.000,url_added
Baylor University,Waco,TX,Doctor of Physical Therapy,https://physicaltherapy.robbins.baylor.edu/dpt-program,https://physicaltherapy.robbins.baylor.edu/dpt-program/baylor-dpt-admissions-and-outcome-data,275,1.000,url_added
Hardin-Simmons University,Abilene,TX,Doctor of Physical Therapy,https://www.hsutx.edu/academics/graduate-programs/doctorate-physical-therapy/,https://www.hsutx.edu/academics/graduate-programs/doctorate-physical-therapy/,265,1.000,url_added
Texas State University,Round Rock,TX,Doctor of Physical Therapy,http://www.health.txst.edu/pt,https://www.health.txst.edu/pt/dpt-program.html,258,1.000,url_added
Texas Tech University Health Sciences Center,Lubbock,TX,Doctor of Physical Therapy,https://www.ttuhsc.edu/health-professions/doctor-of-physical-therapy/,https://www.ttuhsc.edu/health-professions/doctor-of-physical-therapy/,259,1.000,url_added
Texas Woman's University,Dallas,TX,Doctor of Physical Therapy,https://www.twu.edu/physical-therapy/,https://www.twu.edu/physical-therapy/accreditation-and-student-outcomes/,269,1.000,url_added
Texas Woman's University - (Expansion),Houston,TX,Doctor of Physical Therapy,http://www.twu.edu/physical-therapy/,http://www.twu.edu/physical-therapy/accreditation-and-student-outcomes/,269,1.000,url_added
Texas Woman???s University (Expansion 2),Denton,TX,Doctor of Physical Therapy,https://www.twu.edu/physical-therapy/,https://twu.edu/physical-therapy/accreditation-and-student-outcomes/,269,1.000,url_added
The University of Texas at El Paso,El Paso,TX,Doctor of Physical Therapy,https://www.utep.edu/chs/pt/,https://www.utep.edu/chs/pt/about/graduate-outcomes.html,266,0.938,url_added
The University of Texas at San Antonio,San Antonio,TX,Doctor of Physical Therapy,https://uthscsa.edu/health-professions/programs/doctor-physical-therapy,https://uthscsa.edu/health-professions/departments/physical-therapy/accreditation,,0.735,no_match
The University of Texas Medical Branch at Galveston,Galveston,TX,Doctor of Physical Therapy,https://www.utmb.edu/shp/phyt/home,https://www.utmb.edu/shp/phyt/academics,262,0.959,url_added
The University of Texas Medical Branch at Galveston - (Expansion 2),Galveston,TX,Doctor of Physical Therapy,https://www.utmb.edu/shp/phyt,https://www.utmb.edu/shp/phyt/academics,262,0.959,url_added
The University of Texas Medical Branch at Galveston - (Expansion),Galveston,TX,Doctor of Physical Therapy,https://www.utmb.edu/shp/phyt,https://www.utmb.edu/shp/phyt/academics,262,0.959,url_added
University of Mary Hardin-Baylor,Belton,TX,Doctor of Physical Therapy,https://go.umhb.edu/graduate/physical-therapy/home,https://go.umhb.edu/graduate/physical-therapy/entry-level-dpt-program,274,1.000,url_added
University of North Texas Health Science Center at Fort Worth,Fort Worth,TX,Doctor of Physical Therapy,https://www.unthsc.edu/school-of-health-professions/physical-therapy/,https://www.unthsc.edu/school-of-health-professions/physical-therapy/,270,0.975,url_added
University of North Texas Health Science Center at Fort Worth (Expansion),Forth Worth,TX,DPT,https://www.unthsc.edu/school-of-health-professions/physical-therapy/,https://www.unthsc.edu/school-of-health-professions/physical-therapy/,270,0.975,url_added
"University of St Augustine for Health Sciences-Austin, Texas",Austin,TX,Doctor of Physical Therapy,https://www.usa.edu/college-of-rehabilitative-sciences/doctor-physical-therapy/,https://www.usa.edu/college-of-rehabilitative-sciences/doctor-physical-therapy/,268,0.946,url_added
"University of St Augustine for Health Sciences-Austin, Texas - (Expansion)",Austin,TX,Doctor of Physical Therapy,https://www.usa.edu/college-of-rehabilitative-sciences/doctor-physical-therapy/,https://www.usa.edu/college-of-rehabilitative-sciences/doctor-physical-therapy/,268,0.946,url_added
"University of St Augustine for Health Sciences-Dallas, Texas",Irving,TX,Doctor of Physical Therapy,https://www.usa.edu/college-of-rehabilitative-sciences/doctor-physical-therapy/,https://www.usa.edu/college-of-rehabilitative-sciences/doctor-physical-therapy/,268,0.893,url_added
"University of St Augustine for Health Sciences-Dallas, Texas (Expansion)- PT",Irving,TX,DPT,https://www.usa.edu/college-of-rehabilitative-sciences/doctor-physical-therapy/,https://www.usa.edu/college-of-rehabilitative-sciences/doctor-physical-therapy/,268,0.870,url_added
University of Texas Southwestern Medical Center,Dallas,TX,Doctor of Physical Therapy,http://www.utsouthwestern.edu/pt,http://www.utsouthwestern.edu/education/school-of-health-professions/programs/doctorate-programs/student-outcomes.html,264,1.000,url_added
University of the Incarnate Word,San Antonio,TX,Doctor of Physical Therapy,https://rehab-sciences.uiw.edu/,https://rehab-sciences.uiw.edu/about-us/graduate-outcomes.html,273,1.000,url_added
Rocky Mountain University of Health Professions,Provo,UT,Doctor of Physical Therapy,https://rm.edu/dpt/,https://rm.edu/dpt/reports/,279,1.000,url_added
University of Utah,Salt Lake City,UT,Doctor of Physical Therapy,https://health.utah.edu/physical-therapy-athletic-training/degree-programs/physical-therapy,http://health.utah.edu/physical-therapy-athletic-training/degree-programs/physical-therapy/about/graduates.php,278,1.000,url_added
University of Utah - Expansion 1,Salt Lake City,UT,Doctor of Physical Therapy,https://health.utah.edu/physical-therapy-athletic-training/degree-programs/physical-therapy,http://health.utah.edu/physical-therapy-athletic-training/degree-programs/physical-therapy/about/graduates.php,,0.829,no_match
University of Utah - Expansion 2,Salt Lake City,UT,Doctor of Physical Therapy,https://health.utah.edu/physical-therapy-athletic-training/degree-programs/physical-therapy,http://health.utah.edu/physical-therapy-athletic-training/degree-programs/physical-therapy/about/graduates.php,,0.829,no_match
University of Vermont,Burlington,VT,Doctor of Physical Therapy,https://www.uvm.edu/cnhs/rms/program/physical-therapy,https://www.uvm.edu/cnhs/rms/program/physical-therapy,281,1.000,url_added
Emory & Henry College,Emory,VA,Doctor of Physical Therapy,https://www.emoryhenry.edu/academics/physical-therapy/,https://www.emoryhenry.edu/academics/physical-therapy/program-info/program-outcomes/,10,0.905,url_added
Hampton University,Hampton,VA,Doctor of Physical Therapy,https://home.hamptonu.edu/science/physical-therapy/,https://home.hamptonu.edu/science/program-outcomes,5,1.000,url_added
Mary Baldwin University,Fishersville,VA,Doctor of Physical Therapy,https://marybaldwin.edu/programs/doctor-of-physical-therapy-dpt/,https://marybaldwin.edu/accreditation/dpt-program-outcomes/,9,1.000,url_added
Marymount University,Arlington,VA,Doctor of Physical Therapy,https://marymount.edu/academics/health-sciences/doctor-of-physical-therapy/,https://marymount.edu/academics/health-sciences/doctor-of-physical-therapy/,4,1.000,url_added
Old Dominion University,Norfolk,VA,Doctor of Physical Therapy,https://www.odu.edu/rehabilitation-sciences/doctor-of-physical-therapy,https://www.odu.edu/rehabilitation-sciences/doctor-of-physical-therapy/program-outcomes,1,1.000,url_added
Radford University,Roanoke,VA,Doctor of Physical Therapy,https://www.radford.edu/programs/dpt.html,https://www.radford.edu/programs/dpt.html,7,1.000,url_added
Shenandoah University,Winchester,VA,Doctor of Physical Therapy,http://www.su.edu/pt,www.su.edu/physical-therapy/about/student-outcomes/,3,1.000,url_added
Shenandoah University - (Expansion),Leesburg,VA,Doctor of Physical Therapy,www.su.edu/pt,www.su.edu/physical-therapy/about/student-outcomes/,3,1.000,url_added
University of Lynchburg,Lynchburg,VA,Doctor of Physical Therapy,https://www.lynchburg.edu/academics/college-of-health-sciences/doctor-of-physical-therapy/,https://www.lynchburg.edu/academics/graduate/doctor-physical-therapy/student-outcomes-and-capte-accreditation/,6,1.000,url_added
Virginia Commonwealth University,Richmond,VA,Doctor of Physical Therapy,https://pt.chp.vcu.edu/,https://pt.chp.vcu.edu/degree-programs/ptd/,2,1.000,url_added
Eastern Washington University,Spokane,WA,Doctor of Physical Therapy,https://www.ewu.edu/chsph/physical-therapy/,https://www.ewu.edu/chsph/physical-therapy/,282,1.000,url_added
Pacific Northwest University of Health Sciences,Yakima,WA,Doctor of Physical Therapy,https://www.pnwu.edu/academics/school-of-physical-therapy/,https://www.pnwu.edu/about/fast-facts-university/fast-facts-school-of-physical-therapy/,285,1.000,url_added
University of Puget Sound,Tacoma,WA,Doctor of Physical Therapy,https://www.pugetsound.edu/academics/school-physical-therapy,https://www.pugetsound.edu/academics/school-physical-therapy/prospective-students,283,1.000,url_added
University of Washington,Seattle,WA,Doctor of Physical Therapy,https://rehab.washington.edu/education/degrees/doctor-of-physical-therapy,https://rehab.washington.edu/education/degrees/doctor-of-physical-therapy,284,1.000,url_added
Whitworth University,Spokane,WA,DPT,https://www.whitworth.edu/cms/academics/doctor-of-physical-therapy/,https://www.whitworth.edu/cms/academics/doctor-of-physical-therapy/academics/outcomes-and-demographics/,286,1.000,url_added
Marshall University,Huntington,WV,Doctor of Physical Therapy,https://www.marshall.edu/physical-therapy/,http://www.marshall.edu/physical-therapy/files/Two-Year-Program-Outcomes-9-2-25.pdf,289,1.000,url_added
West Virginia University,Morgantown,WV,Doctor of Physical Therapy,http://medicine.hsc.wvu.edu/pt,https://medicine.hsc.wvu.edu/pt/program-statistics/,287,1.000,url_added
Wheeling University,Wheeling,WV,Doctor of Physical Therapy,http://wheeling.edu/academics/graduate/physical-therapy,https://wheeling.edu/academics/graduate/physical-therapy/about-the-dpt-program/,288,1.000,url_added
Carroll University,Waukesha,WI,Doctor of Physical Therapy,https://www.carrollu.edu/academics/health-sciences/doctor-of-physical-therapy,https://www.carrollu.edu/academics/health-sciences/doctor-of-physical-therapy/outcomes,297,1.000,url_added
Concordia University Wisconsin,Mequon,WI,Doctor of Physical Therapy,http://www.cuw.edu/dpt,https://shorturl.at/dkvDO,296,1.000,url_added
Concordia University Wisconsin - (Expansion),Mequon,WI,Doctor of Physical Therapy,https://www.cuw.edu/academics/programs/doctor-physical-therapy/index.html.,https://www.cuw.edu/academics/programs/doctor-physical-therapy/index.html.,296,1.000,url_added
Marquette University,Milwaukee,WI,Doctor of Physical Therapy,https://www.marquette.edu/physical-therapy/,https://www.marquette.edu/physical-therapy/about.php,293,1.000,url_added
University of Wisconsin-LaCrosse,LaCrosse,WI,Doctor of Physical Therapy,https://www.uwlax.edu/academics/grad/physical-therapy/,https://www.uwlax.edu/academics/grad/physical-therapy/program-profile,294,1.000,url_added
University of Wisconsin-Madison,Madison,WI,Doctor of Physical Therapy,https://www.med.wisc.edu/education/physical-therapy-program/,https://www.med.wisc.edu/education/physical-therapy-program/accreditation/,295,1.000,url_added
University of Wisconsin-Milwaukee,Milwaukee,WI,Doctor of Physical Therapy,https://uwm.edu/healthsciences/academics/dr-physical-therapy/,https://uwm.edu/rehabilitation-sciences-technology/wp-content/uploads/sites/627/2022/12/Graduation-pass-and-employment-rates-for-website-2024-1.pdf,298,1.000,url_added
University of Wisconsin-Stevens Point,Stevens Point,WI,DPT,https://www.uwsp.edu/programs/degree/doctor-of-physical-therapy-dpt/,https://www.uwsp.edu/programs/degree/doctor-of-physical-therapy-dpt/,292,1.000,url_added
