program_id,school_name,city,state,degree_type,program_url,url_status,search_attempts,url_confidence,discovered_url,discovered_url_2,search_query_used,scrape_notes,estimated_year
302,Alabama State University,,Alabama,MOT,,url_found,3,medium,https://www.alasu.edu/financial-aid/tuition-costs.php,https://www.alasu.edu/_qa/spr-25-tuition-fees-with-rates.pdf,Alabama State University MOT tuition fees cost,,
303,Tuskegee University,,Alabama,MOT,,url_found_low_confidence,3,low,https://www.tuskegee.edu/Content/Uploads/Tuskegee/files/Financials/Tuition-and-Fees-Sheet-2020-2021-Final.pdf,https://www.tuskegee.edu/bursar/2025-2026_Tuition_and_-Fees_Sheet_updated20June-2025.pdf,Tuskegee University Master of Occupational Therapy tuition cost of attendance,,2020
304,University of Alabama at Birmingham,,Alabama,MOT,,url_found,3,medium,https://www.uab.edu/cost-aid/cost/detailed-tuition-fees,https://www.uab.edu/shp/ot/entry-level/otd/tuition-and-fees,University of Alabama at Birmingham Master of Occupational Therapy tuition cost of attendance,,
301,University of Alabama at Birmingham,,Alabama,OTD,,url_found,3,medium,https://www.uab.edu/cost-aid/cost/detailed-tuition-fees,https://www.southalabama.edu/colleges/alliedhealth/ot/resources/ottuition.pdf,University of Alabama at Birmingham Doctor of Occupational Therapy tuition cost of attendance,,
305,University of South Alabama,,Alabama,MOT,,url_found,3,high,https://www.southalabama.edu/colleges/alliedhealth/ot/resources/otd-tuition-and-fees25-26.pdf,https://www.southalabama.edu/colleges/alliedhealth/ot/resources/ottuition.pdf,University of South Alabama Master of Occupational Therapy tuition cost of attendance,,
309,"A.T. Still University, Arizona School of Health Sciences",,Arizona,MOT,,url_found,3,medium,https://research.com/advice/online-occupational-therapy-masters-degree-program-costs-tuition-fees,https://www.umsaz.org/tuition-and-fees/tuition-and-fees-totd/,"A.T. Still University, Arizona School of Health Sciences Master of Occupational Therapy tuition cost of attendance",,
306,"A.T. Still University, Arizona School of Health Sciences",,Arizona,OTD,,url_found,3,medium,https://research.com/advice/online-occupational-therapy-degree-programs-costs-tuition-and-fees,https://www.umsaz.org/tuition-and-fees/tuition-and-fees-totd/,"A.T. Still University, Arizona School of Health Sciences Doctor of Occupational Therapy tuition cost of attendance",,
307,"Huntington University, Peoria",,Arizona,OTD,,url_found,3,high,https://www.huntington.edu/business-office/student-financial-services/graduate-tuition-and-fees,https://www.huntington.edu/arizona/financial-aid/tuition-fees,"Huntington University, Peoria Doctor of Occupational Therapy tuition cost of attendance",,
310,"Midwestern University, Glendale",,Arizona,MOT,,url_found,3,high,https://www.midwestern.edu/admissions/tuition-fees,https://www.midwestern.edu/admissions/paying-college/international-students/tuition-costs,"Midwestern University, Glendale Master of Occupational Therapy tuition cost of attendance",,
308,Northern Arizona University,,Arizona,OTD,,url_found,3,medium,https://nau.edu/fees/graduate-tuition/,https://www.presby.edu/graduate-programs/occupational-therapy-program/program-costs/,Northern Arizona University Doctor of Occupational Therapy tuition cost of attendance,,
311,"Arkansas State University, Jonesboro",,Arkansas,OTD,,url_found,3,high,https://www.astate.edu/admissions-and-aid/tuition-and-fees/index.html,https://www.astate.edu/admissions-and-aid/tuition-and-fees/undergraduate-students.html,"Arkansas State University, Jonesboro Doctor of Occupational Therapy tuition cost of attendance",,
312,University of Arkansas - Fayetteville / University of Arkansas for Medical Sciences,,Arkansas,OTD,,url_found,3,medium,https://students.uams.edu/financial-services/tuition-and-fees/graduate-school-tuition-fees/,https://students.uams.edu/financial-services/tuition-and-fees/college-of-medicine/,University of Arkansas - Fayetteville / University of Arkansas for Medical Sciences OTD tuition fees cost,,
313,University of Central Arkansas,,Arkansas,OTD,,url_found,3,high,https://research.com/best-colleges/university-of-central-arkansas/tuition-fees,https://uca.edu/financialaid/cost-of-attendance/,University of Central Arkansas Doctor of Occupational Therapy tuition cost of attendance,,
318,"California State University, Dominguez Hills",,California,MOT,,url_found,3,high,https://www.calstate.edu/apply/paying-for-college/csu-costs/tuition-and-fees/campus-mandatory-fees,https://www.prepscholar.com/sat/s/colleges/Cal-State-Dominguez-Hills-tuition-financial-aid,"California State University, Dominguez Hills MOT tuition fees cost",,
319,Dominican University of California,,California,MOT,,url_found,3,high,https://www.dominican.edu/admissions/tuition-and-financial-aid/total-cost-attendance/graduate-tuition-and-aid/doctor-occupational-therapy-otd-tuition-and-aid,https://www.dominican.edu/admissions/tuition-and-financial-aid/total-cost-attendance/graduate-tuition-and-aid,Dominican University of California Master of Occupational Therapy tuition cost of attendance,,
320,Loma Linda University Health,,California,MOT,,url_found,3,high,https://alliedhealth.llu.edu/sites/alliedhealth.llu.edu/files/docs/mot-costs-1617.pdf,https://behavioralhealth.llu.edu/admissions/tuition-and-fees,Loma Linda University Health Master of Occupational Therapy tuition cost of attendance,,
321,Samuel Merritt University,,California,MOT,,url_found,3,high,https://www.samuelmerritt.edu/sites/default/files/2025-07/2025-2026%20Tuition%20and%20Fees%20FINAL%2007242025rev2.pdf,https://www.samuelmerritt.edu/sites/default/files/2024-07/2024-2025%20Tuition%20and%20Fees%20FINAL%2006242024_0.pdf,Samuel Merritt University Master of Occupational Therapy tuition cost of attendance,,2025
314,Samuel Merritt University,,California,OTD,,url_found,3,high,https://www.samuelmerritt.edu/sites/default/files/2024-07/2024-2025%20Tuition%20and%20Fees%20FINAL%2006242024_0.pdf,https://www.samuelmerritt.edu/sites/default/files/2022-07/DPT%20Student%20Financial%20Fact%20Sheet%202021-2022.pdf,Samuel Merritt University Doctor of Occupational Therapy tuition cost of attendance,,2024
322,San Jose State University,,California,MOT,,url_found,3,medium,https://www.shawnee.edu/occupational-therapy/mot-tuition-fees,https://www.sjsu.edu/occupationaltherapy/docs/OTD_Informational_Session_PowerPoint_2025_rev.pdf,San Jose State University Master of Occupational Therapy program cost fees,,
323,Stanbridge University,,California,MOT,,url_found,3,high,https://www.univstats.com/colleges/stanbridge-university/cost-of-attendance/,https://catalog.stanbridge.edu/financial-aid/tuition-summary-chart/,Stanbridge University Master of Occupational Therapy tuition cost of attendance,,
324,University of Southern California,,California,MOT,,url_found,3,high,https://westcoastuniversity.smartcatalogiq.com/en/summer-2024/summer-2024/financial-policies-and-information/tuition-and-fees/california-graduate-programs/master-of-science-in-occupational-therapy,http://arr.usc.edu/tuition-and-fees/,University of Southern California Master of Occupational Therapy program cost fees,,2024
325,"University of St. Augustine for Health Sciences, California Campus",,California,MOT,,url_found,3,medium,https://www.usa.edu/college-of-rehabilitative-sciences/master-of-occupational-therapy-mot/mot-tuition-fees/,https://www.usa.edu/college-of-rehabilitative-sciences/doctor-occupational-therapy/otd-tuition-fees/,"University of St. Augustine for Health Sciences, California Campus Master of Occupational Therapy tuition cost of attendance",,
315,"University of St. Augustine for Health Sciences, California Campus",,California,OTD,,url_found,3,medium,https://www.usa.edu/college-of-rehabilitative-sciences/doctor-occupational-therapy/otd-tuition-fees/,https://www.usa.edu/college-of-rehabilitative-sciences/master-of-occupational-therapy-mot/mot-tuition-fees/,"University of St. Augustine for Health Sciences, California Campus Doctor of Occupational Therapy tuition cost of attendance",,
316,"University of the Pacific, Sacramento",,California,OTD,,url_found,3,medium,https://www.pacific.edu/financial-aid/cost-of-attendance/tuition-fees,https://www.pacific.edu/financial-aid/cost-of-attendance,"University of the Pacific, Sacramento OTD tuition fees cost",,
326,"West Coast University, Los Angeles",,California,MOT,,url_found,3,high,https://westcoastuniversity.edu/tuition-financial-aid/tuition-fees,https://westcoastuniversity.smartcatalogiq.com/en/summer-2024/summer-2024/financial-policies-and-information/tuition-and-fees/texas-graduate-programs/master-of-science-in-occupational-therapy,"West Coast University, Los Angeles Master of Occupational Therapy tuition cost of attendance",,
317,"West Coast University, Los Angeles",,California,OTD,,url_found,3,medium,https://www.uws.edu/2025-2026-tuition-and-cost-of-attendance-details-doctor-of-occupational-therapy/,https://westcoastuniversity.edu/tuition-financial-aid/tuition-fees,"West Coast University, Los Angeles Doctor of Occupational Therapy tuition cost of attendance",,2025
327,Colorado Mesa University,,Colorado,MOT,,url_found,3,high,https://www.coloradomesa.edu/kinesiology/documents/estimated_msot-tuition-and-fees1.pdf,https://catalog.coloradomesa.edu/tuition-fees-residence-life-student-accounts/tuition-fee-schedule/,Colorado Mesa University Master of Occupational Therapy tuition cost of attendance,,
328,Colorado State University,,Colorado,MOT,,url_found,3,high,https://financialaid.colostate.edu/cost-of-attendance/,https://catalog.colostate.edu/general-catalog/financial/tuition-fees/,Colorado State University Master of Occupational Therapy tuition cost of attendance,,
330,Quinnipiac University,,Connecticut,MOT,,url_found,3,high,https://research.com/best-colleges/quinnipiac-university/tuition-fees,https://www.qu.edu/schools/health-sciences/programs/dual-degree/bs-master-occupational-therapy/tuition-and-financial-aid/,Quinnipiac University Master of Occupational Therapy tuition cost of attendance,,
329,Quinnipiac University,,Connecticut,OTD,,url_found,3,medium,https://research.com/advice/online-occupational-therapy-masters-degree-program-costs-tuition-fees,https://grad.qu.edu/tuition-and-financial-aid/costs-and-budgets/,Quinnipiac University Doctor of Occupational Therapy tuition cost of attendance,,
331,Sacred Heart University,,Connecticut,MOT,,url_found,3,high,https://research.com/best-colleges/sacred-heart-university/tuition-fees,https://www.sacredheart.edu/offices--departments-directory/student-accounts/tuition--fees/,Sacred Heart University Master of Occupational Therapy tuition cost of attendance,,
332,University of Hartford,,Connecticut,MOT,,url_found,3,high,https://www.hartford.edu/about/offices-divisions/finance-administration/financial-affairs/bursar-office/tuition-fees/graduate-tuition.aspx,https://www.hartford.edu/admission/tuition-fees/default.aspx,University of Hartford Master of Occupational Therapy tuition cost of attendance,,
333,Delaware State University,,Delaware,MOT,,url_found,3,medium,https://www.desu.edu/admissions/financial-aid/tuition-fees/2024-2025-tuition-fees,https://research.com/advice/online-occupational-therapy-masters-degree-program-costs-tuition-fees,Delaware State University Master of Occupational Therapy program cost fees,,2024
334,Howard University,,District of Columbia,OTD,,url_found_low_confidence,3,low,https://financialservices.howard.edu/tuition-fees/tuition-faqs/cost-attendance/2022-2023-estimated-cost-attendance,https://cnahs.howard.edu/sites/cnahs.howard.edu/files/2023-09/OTD%202023-24%20Tuition%20%26%20Fees%5B53%5D_1.pdf,Howard University Doctor of Occupational Therapy program cost fees,,2022
335,Trinity Washington University,,District of Columbia,MOT,,url_found,3,high,https://trinity.edu/directory/departments-offices/student-financial-services/tuition-fees/graduate-cost-attendance,https://www2.trinitydc.edu/affordability-tuition-scholarships-and-financial-aid/,Trinity Washington University Master of Occupational Therapy tuition cost of attendance,,
342,AdventHealth University,,Florida,MOT,,url_found,3,medium,https://www.ahu.edu/tuition-and-aid/cost-of-attendance,https://research.com/best-colleges/adventhealth-university/tuition-fees,AdventHealth University Master of Occupational Therapy tuition cost of attendance,,
343,Barry University,,Florida,MOT,,url_found,3,high,https://barry.smartcatalogiq.com/en/2025-2026/graduate-catalog/tuition-fees-and-financial-aid/2025-2026-tuition-and-fee-schedule,https://research.com/best-colleges/barry-university/tuition-fees,Barry University Master of Occupational Therapy tuition cost of attendance,,2025
344,Florida Agricultural and Mechanical University,,Florida,MOT,,url_found,3,medium,https://phhp.ufl.edu/academics/phd-and-professional-programs/occupational-therapy-doctorate/tuition-and-scholarship/otd-estimated-cost-of-attendance/,https://research.com/advice/online-occupational-therapy-masters-degree-program-costs-tuition-fees,Florida Agricultural and Mechanical University Master of Occupational Therapy tuition cost of attendance,,
345,Florida Gulf Coast University,,Florida,MOT,,url_found,3,high,https://westcoastuniversity.smartcatalogiq.com/en/summer-2024/summer-2024/financial-policies-and-information/tuition-and-fees/texas-graduate-programs/master-of-science-in-occupational-therapy,https://www.fgcu.edu/admissionsandaid/financialaid/graduate/cost/costofattendance,Florida Gulf Coast University Master of Occupational Therapy tuition cost of attendance,,2024
346,Florida International University,,Florida,MOT,,url_found,3,medium,https://phhp.ufl.edu/academics/phd-and-professional-programs/occupational-therapy-doctorate/tuition-and-scholarship/otd-estimated-cost-of-attendance/,https://ahealth.famu.edu/departments-and-centers/occupational-therapy/cost-of-tuition.php,Florida International University Master of Occupational Therapy tuition cost of attendance,,
336,Gannon University-Florida Campus,,Florida,OTD,,url_found,3,high,https://www.gannon.edu/tuition-and-financial-aid/tuition-and-fees/student-cost-transparency/cost-of-attendance-2025-2026/,https://www.gannon.edu/tuition-and-financial-aid/tuition-and-fees/revised-tuition-structure/,Gannon University-Florida Campus Doctor of Occupational Therapy tuition cost of attendance,,2025
337,Jacksonville University,,Florida,OTD,,url_found,3,medium,https://research.com/advice/how-much-does-an-occupational-therapy-degree-program-cost-tuition-fees-total-expense-breakdown,https://www.ju.edu/occupationaltherapy/admissions/tuition-fees.php,Jacksonville University Doctor of Occupational Therapy tuition cost of attendance,,
347,"Keiser University, Fort Myers",,Florida,MOT,,url_found,3,high,https://www.keiseruniversity.edu/wp-content/uploads/grad-programs/MSOT-Costs.pdf,https://www.keiseruniversity.edu/financial-services/tuition/,"Keiser University, Fort Myers Master of Occupational Therapy tuition cost of attendance",,
348,"Keiser University, Ft. Lauderdale Campus",,Florida,MOT,,url_found,3,high,https://www.keiseruniversity.edu/wp-content/uploads/grad-programs/MSOT-Costs.pdf,https://www.keiseruniversity.edu/financial-services/tuition/,"Keiser University, Ft. Lauderdale Campus Master of Occupational Therapy tuition cost of attendance",,
349,"Nova Southeastern University, Ft. Lauderdale",,Florida,MOT,,url_found,3,high,https://www.nova.edu/bursar/billing/tuition-fees.html,https://osteopathic.nova.edu/admissions/tuition-fees.html,"Nova Southeastern University, Ft. Lauderdale Master of Occupational Therapy tuition cost of attendance",,
338,"Nova Southeastern University, Tampa Bay Regional Campus",,Florida,OTD,,url_found,3,high,https://osteopathic.nova.edu/admissions/tuition-fees.html,https://md.nova.edu/admissions/tuition-fees.html,"Nova Southeastern University, Tampa Bay Regional Campus Doctor of Occupational Therapy tuition cost of attendance",,
339,University of Florida,,Florida,OTD,,url_found,3,medium,https://phhp.ufl.edu/academics/phd-and-professional-programs/occupational-therapy-doctorate/tuition-and-scholarship/otd-estimated-cost-of-attendance/,https://www.usa.edu/college-of-rehabilitative-sciences/doctor-occupational-therapy/otd-tuition-fees/,University of Florida Doctor of Occupational Therapy tuition cost of attendance,,
350,"University of St. Augustine for Health Sciences, Miami Campus",,Florida,MOT,,url_found,3,medium,https://www.usa.edu/college-of-rehabilitative-sciences/master-of-occupational-therapy-mot/mot-tuition-fees/,https://www.usa.edu/college-of-rehabilitative-sciences/doctor-occupational-therapy/otd-tuition-fees/,"University of St. Augustine for Health Sciences, Miami Campus Master of Occupational Therapy tuition cost of attendance",,
340,"University of St. Augustine for Health Sciences, Miami Campus",,Florida,OTD,,url_found,3,medium,https://www.usa.edu/college-of-rehabilitative-sciences/doctor-occupational-therapy/otd-tuition-fees/,https://www.usa.edu/college-of-rehabilitative-sciences/master-of-occupational-therapy-mot/mot-tuition-fees/,"University of St. Augustine for Health Sciences, Miami Campus Doctor of Occupational Therapy tuition cost of attendance",,
351,"University of St. Augustine for Health Sciences, St. Augustine Campus",,Florida,MOT,,url_found,3,medium,https://www.usa.edu/college-of-rehabilitative-sciences/master-of-occupational-therapy-mot/mot-tuition-fees/,https://www.usa.edu/college-of-rehabilitative-sciences/doctor-occupational-therapy/otd-tuition-fees/,"University of St. Augustine for Health Sciences, St. Augustine Campus Master of Occupational Therapy tuition cost of attendance",,
341,"University of St. Augustine for Health Sciences, St. Augustine Campus",,Florida,OTD,,url_found,3,medium,https://www.usa.edu/college-of-rehabilitative-sciences/doctor-occupational-therapy/otd-tuition-fees/,https://www.usa.edu/college-of-rehabilitative-sciences/master-of-occupational-therapy-mot/mot-tuition-fees/,"University of St. Augustine for Health Sciences, St. Augustine Campus Doctor of Occupational Therapy tuition cost of attendance",,
354,Augusta University,,Georgia,MOT,,url_found,3,high,https://www.augusta.edu/tuition/graduate.php,https://www.augusta.edu/finaid/costofattendance.php,Augusta University Master of Occupational Therapy tuition cost of attendance,,
355,Brenau University,,Georgia,MOT,,url_found,3,high,https://research.com/best-colleges/brenau-university/tuition-fees,https://www.brenau.edu/admissions/tuition/,Brenau University Master of Occupational Therapy tuition cost of attendance,,
352,"Brenau University, North Atlanta, Norcross Campus",,Georgia,OTD,,url_found,3,high,https://research.com/best-colleges/brenau-university/tuition-fees,https://www.brenau.edu/admissions/tuition/,"Brenau University, North Atlanta, Norcross Campus Doctor of Occupational Therapy tuition cost of attendance",,
353,Georgia State University,,Georgia,OTD,,url_found,3,medium,https://www.uws.edu/2025-2026-tuition-and-cost-of-attendance-details-doctor-of-occupational-therapy/,https://www.south.edu/doctor-of-occupational-therapy-tuition-costs-and-fees/,Georgia State University Doctor of Occupational Therapy tuition cost of attendance,,2025
356,Middle Georgia State University,,Georgia,MOT,,url_found,3,medium,https://www.mga.edu/financial-aid/cost-of-attendance.php,https://mga.smartcatalogiq.com/en/2021-2022/the-office-of-graduate-studies-academic-catalog/student-fees-and-financial-policies/payment-of-tuition-and-fees/fees,Middle Georgia State University Master of Occupational Therapy tuition cost of attendance,,
357,Idaho State University,,Idaho,MOT,,url_found,3,high,https://www.uidaho.edu/financial-aid/cost-of-attendance,https://www.isu.edu/financeadmin/departments/student-financial-services/cost-of-attendance/fall--spring-cost-info/professional-fees/,Idaho State University MOT tuition fees cost,,
360,Chicago State University,,Illinois,MOT,,url_found,3,high,https://research.com/best-colleges/chicago-state-university/tuition-fees,https://www.csu.edu/financialoperations/bursar/tuition/,Chicago State University Master of Occupational Therapy tuition cost of attendance,,
361,DePaul University,,Illinois,MOT,,url_found,3,high,https://www.depaul.edu/tuition-and-aid/understand-cost-of-attendance,https://catalog.depaul.edu/student-handbooks/graduate/university-information/tuition-fees/,DePaul University Master of Occupational Therapy tuition cost of attendance,,
362,Elmhurst University,,Illinois,MOT,,url_found,3,high,https://www.elmhurst.edu/admission/financial-aid/tuition-fees/graduate-tuition/,https://research.com/best-colleges/elmhurst-university/tuition-fees,Elmhurst University Master of Occupational Therapy tuition cost of attendance,,
363,Governors State University,,Illinois,MOT,,url_found,3,high,https://research.com/best-colleges/governors-state-university/tuition-fees,https://www.govst.edu/About/Offices_and_Departments/Student_Accounts_and_Billing/Tuition_and_Fees_AY_2025-2026/,Governors State University MOT tuition fees cost,,
364,Lewis University,,Illinois,MOT,,url_found,3,medium,https://www.lc.edu/_assets/pdfs/ota-program-cost-of-attendance.pdf,https://www.lewisu.edu/academics/msoccuptherapy/pdf/Lewis%20MSOT%20Tuition%20and%20Fees%2024-25.pdf,Lewis University Master of Occupational Therapy tuition cost of attendance,,
358,"Midwestern University, Downers Grove",,Illinois,OTD,,url_found,3,high,https://www.midwestern.edu/admissions/tuition-fees,https://www.midwestern.edu/admissions/paying-college/cost-attendance/downers-grove-campus-budgets,"Midwestern University, Downers Grove Doctor of Occupational Therapy tuition cost of attendance",,
365,North Central College,,Illinois,MOT,,url_found,3,high,https://www.northcentralcollege.edu/graduate-tuition-and-fees,https://www.northcentral.edu/financial-aid/tuition-and-fees/options-for-graduate-students-2/,North Central College Master of Occupational Therapy tuition cost of attendance,,
359,Rush University,,Illinois,OTD,,url_found,3,high,https://www.rushu.rush.edu/student-life/student-affairs/office-student-financial-aid/cost-attendance-coa/cost-attendance-2024-2025,https://www.rushu.rush.edu/student-life/student-affairs/office-student-financial-aid/cost-attendance-coa/cost-attendance-2025-2026,Rush University Doctor of Occupational Therapy tuition cost of attendance,,2024
366,University of Illinois Chicago,,Illinois,MOT,,url_found,3,medium,https://registrar.uic.edu/financial-matters/graduate-tuition-and-fees/,https://ahs.uic.edu/academics/occupational-therapy/entry-level-occupational-therapy-doctorate/before-you-apply/entry-level-otd-tuition-table/,University of Illinois Chicago Master of Occupational Therapy tuition cost of attendance,,
367,Huntington University,,Indiana,OTD,,url_found,3,high,https://www.huntington.edu/business-office/student-financial-services/graduate-tuition-and-fees,https://www.huntington.edu/business-office/student-financial-services/online-degree-programs-tuition-and-fees,Huntington University Doctor of Occupational Therapy tuition cost of attendance,,
371,Indiana State University,,Indiana,MOT,,url_found,3,medium,https://research.com/advice/online-occupational-therapy-masters-degree-program-costs-tuition-fees,https://www.usi.edu/media/mlobqd5s/otd-occupational-therapy-program-cost-analysis-2025-2026.pdf,Indiana State University Master of Occupational Therapy tuition cost of attendance,,
368,Indiana University,,Indiana,OTD,,url_found,3,high,https://graduate.indiana.edu/apply/cost-aid/tuition-fees.html,https://www.usi.edu/media/mlobqd5s/otd-occupational-therapy-program-cost-analysis-2025-2026.pdf,Indiana University Doctor of Occupational Therapy program cost fees,,
372,"Indiana University, South Bend",,Indiana,MOT,,url_found,3,high,https://graduate.indiana.edu/apply/cost-aid/tuition-fees.html,https://bigfuture.collegeboard.org/colleges/indiana-university-south-bend/tuition-and-costs,"Indiana University, South Bend Master of Occupational Therapy tuition cost of attendance",,
369,Indiana Wesleyan University,,Indiana,OTD,,url_found,3,medium,https://www.usi.edu/media/mlobqd5s/otd-occupational-therapy-program-cost-analysis-2025-2026.pdf,https://www.indwes.edu/about/student-consumer-information/_files/IWU-Cost-of-Attendance-2021-2022.pdf,Indiana Wesleyan University Doctor of Occupational Therapy program cost fees,,2025
373,University of Indianapolis,,Indiana,MOT,,url_found,3,medium,https://research.com/advice/online-occupational-therapy-masters-degree-program-costs-tuition-fees,https://uindy.edu/health-sciences/ot/otd-tuition,University of Indianapolis Master of Occupational Therapy program cost fees,,
370,University of Indianapolis,,Indiana,OTD,,url_found,3,medium,https://www.uws.edu/2025-2026-tuition-and-cost-of-attendance-details-doctor-of-occupational-therapy/,https://uindy.edu/health-sciences/ot/otd-tuition,University of Indianapolis Doctor of Occupational Therapy tuition cost of attendance,,2025
374,University of Southern Indiana,,Indiana,MOT,,url_found,3,medium,https://www.usi.edu/media/mlobqd5s/otd-occupational-therapy-program-cost-analysis-2025-2026.pdf,https://www.usi.edu/media/yzdjsuzs/msot-occupational-therapy-program-cost-analysis-2025-2026.pdf,University of Southern Indiana MOT tuition fees cost,,2025
377,Allen College,,Iowa,MOT,,url_found,3,high,https://www.allencollege.edu/future-students/tuition-financial-aid/cost-of-attendance,https://www.allencollege.edu/future-students/tuition-financial-aid/tuition-fees,Allen College Master of Occupational Therapy tuition cost of attendance,,
375,Drake University,,Iowa,OTD,,url_found,3,medium,https://phhp.ufl.edu/academics/phd-and-professional-programs/occupational-therapy-doctorate/tuition-and-scholarship/otd-estimated-cost-of-attendance/,https://www.uws.edu/2025-2026-tuition-and-cost-of-attendance-details-doctor-of-occupational-therapy/,Drake University Doctor of Occupational Therapy tuition cost of attendance,,
376,St. Ambrose University,,Iowa,OTD,,url_found,3,medium,https://sau.edu/media/content-assets/pdfs/tuition-and-aid/federal-and-state-financial-aid/24-25-financial-aid-docs/25-26-Cost-of-Attendance.pdf,https://sau.edu/media/content-assets/pdfs/tuition-and-aid/SAU-Cost-of-Attendance-2024-2025.pdf,St. Ambrose University OTD tuition fees cost,,
378,University of Kansas Medical Center,,Kansas,OTD,,url_found,3,medium,https://financialaid.ku.edu/calculate-costs/tuition-and-fees,https://www.kumc.edu/academic-and-student-affairs/departments/registrars-office/tuition-and-fees/school-of-health-professions-tuition-and-fees-guide.html,University of Kansas Medical Center Doctor of Occupational Therapy tuition cost of attendance,,
379,"University of Saint Mary, Leavenworth",,Kansas,OTD,,url_found_low_confidence,3,low,https://www.umary.edu/sites/default/files/2022-01/OT-Program-Tuition-and-Fees.pdf,https://www.csm.edu/academics/occupational-therapy-doctorate-program-cost-0,"University of Saint Mary, Leavenworth Doctor of Occupational Therapy tuition cost of attendance",,2022
382,Eastern Kentucky University,,Kentucky,MOT,,url_found,3,high,https://bigfuture.collegeboard.org/colleges/eastern-kentucky-university/tuition-and-costs,https://www.eku.edu/in/guides/cost-of-attendance/,Eastern Kentucky University Master of Occupational Therapy tuition cost of attendance,,
380,Eastern Kentucky University,,Kentucky,OTD,,url_found,3,medium,https://www.eku.edu/wp-content/uploads/2024/12/BSOS-OTD-2024-2025-detailed-program-costs.docx,https://www.eku.edu/wp-content/uploads/2024/12/Course-Fees-2023-24.pdf,Eastern Kentucky University OTD tuition fees cost,,2024
383,"Murray State University, Paducah Regional Campus",,Kentucky,MOT,,url_found,3,high,https://research.com/best-colleges/murray-state-university/tuition-fees,https://online.mscok.edu/tuition-and-fees/,"Murray State University, Paducah Regional Campus Master of Occupational Therapy tuition cost of attendance",,
381,Spalding University,,Kentucky,OTD,,url_found_low_confidence,3,low,https://spalding.edu/wp-content/uploads/2020/12/Tuition-and-Fees-Grad-Card-20-21_web.pdf,https://spalding.edu/wp-content/uploads/2024/02/SU-24-25-Financial-Fact-Sheet.pdf,Spalding University Doctor of Occupational Therapy tuition cost of attendance,,2020
384,Louisiana State University Health New Orleans,,Louisiana,MOT,,url_found,3,medium,https://shps.lsuhs.edu/student-resources/financial-aid/cost-of-attendance,https://alliedhealth.lsuhsc.edu/ot/docs/MOTTuitionFeesAnnual.pdf,Louisiana State University Health New Orleans Master of Occupational Therapy program cost fees,,
385,University of Louisiana at Monroe,,Louisiana,MOT,,url_found,3,high,https://www.collegefactual.com/colleges/university-of-louisiana-monroe/paying-for-college/tuition-and-fees/,https://ulm.edu/controller/springfees2025.pdf,University of Louisiana at Monroe MOT tuition fees cost,,
386,Husson University,,Maine,MOT,,url_found,3,high,https://www.husson.edu/financial-aid/application-process/Cost_of_Attendance,https://www.husson.edu/admissions/tuition-and-costs/,Husson University Master of Occupational Therapy tuition cost of attendance,,
387,University of New England,,Maine,MOT,,url_found,3,high,https://research.com/best-colleges/university-of-new-england/tuition-fees,https://www.une.edu/sites/default/files/msot_program_costs.pdf,University of New England MOT tuition fees cost,,
388,University of Southern Maine at Lewiston-Auburn College,,Maine,MOT,,url_found,3,high,https://usm.maine.edu/student-financial-services/graduate-tuition-fees/occupational-therapy/,https://usm.maine.edu/student-financial-services/graduate-tuition-fees/,University of Southern Maine at Lewiston-Auburn College Master of Occupational Therapy tuition cost of attendance,,
390,Towson University,,Maryland,MOT,,url_found,3,high,https://www.towson.edu/admissions/tuition/cost.html,https://www.towson.edu/admissions/tuition/,Towson University Master of Occupational Therapy tuition cost of attendance,,
389,Towson University,,Maryland,OTD,,url_found,3,medium,https://www.uws.edu/2025-2026-tuition-and-cost-of-attendance-details-doctor-of-occupational-therapy/,https://www.towson.edu/admissions/tuition/cost.html,Towson University Doctor of Occupational Therapy tuition cost of attendance,,2025
395,American International College,,Massachusetts,MOT,,url_found,3,high,https://research.com/best-colleges/american-international-college/tuition-fees,https://www.collegefactual.com/colleges/american-international-college/paying-for-college/tuition-and-fees/,American International College MOT tuition fees cost,,
396,Bay Path University-East Longmeadow Campus,,Massachusetts,MOT,,url_found,3,high,https://catalog.baypath.edu/graduate/financial-information/financial-information.pdf,https://bigfuture.collegeboard.org/colleges/bay-path-university/tuition-and-costs,Bay Path University-East Longmeadow Campus Master of Occupational Therapy tuition cost of attendance,,
391,"Boston University, College of Health & Rehabilitation Sciences (Sargent College)",,Massachusetts,OTD,,url_found,3,medium,https://www.bu.edu/studentfinancials/your-bill/tuition-fees/,https://www.bu.edu/sargent/academics/departments-programs/occupational-therapy/ppotd/tuition-and-scholarships/,"Boston University, College of Health & Rehabilitation Sciences (Sargent College) Doctor of Occupational Therapy program cost fees",,
392,MGH Institute of Health Professions,,Massachusetts,OTD,,url_found_low_confidence,3,low,https://www.mghihp.edu/sites/default/files/2022-12/fy23-tuition-and-fees.pdf,https://www.mghihp.edu/admissions/tuition-fees,MGH Institute of Health Professions OTD tuition fees cost,,2022
397,Regis College,,Massachusetts,MOT,,url_found,3,high,https://www.regiscollege.edu/admission-and-aid/graduate-admission/graduate-financial-aid/online-program-tuition-and-fees/cost,https://www.regiscollege.edu/admission-and-aid/graduate-admission/graduate-financial-aid/campus-tuition-and-fees/cost-attendance,Regis College Master of Occupational Therapy tuition cost of attendance,,
398,Salem State University,,Massachusetts,MOT,,url_found,3,high,https://www.salem.edu/financialaid/tuition-fees/,https://www.salemstate.edu/pdf/2021-22-ot-tuition-and-fees-table-1,Salem State University MOT tuition fees cost,,
399,Springfield College,,Massachusetts,MOT,,url_found,3,high,https://springfield.edu/financial-aid/costs-tuition-and-fees,https://springfield.edu/financial-aid/graduate/cost-and-fees,Springfield College Master of Occupational Therapy tuition cost of attendance,,
393,Tufts University,,Massachusetts,OTD,,url_found,3,high,https://medicine.tufts.edu/admissions-financial-aid/tuition-fees/tuition-fees,https://www.presby.edu/graduate-programs/occupational-therapy-program/program-costs/,Tufts University Doctor of Occupational Therapy tuition cost of attendance,,
394,Western New England University,,Massachusetts,OTD,,url_found,3,medium,https://www.uws.edu/2025-2026-tuition-and-cost-of-attendance-details-doctor-of-occupational-therapy/,https://wne.edu/enrollment-services/financial-aid/financial-aid-cost-of-attendance.cfm,Western New England University Doctor of Occupational Therapy program cost fees,,2025
400,Worcester State University,,Massachusetts,MOT,,url_found,3,high,https://www.worcester.edu/admissions-aid/tuition-financial-aid/financial-aid/cost-of-attendance/,https://www.worcester.edu/admissions-aid/cost-financial-aid/undergraduate-tuition-fees/,Worcester State University Master of Occupational Therapy tuition cost of attendance,,
403,Baker College Center for Graduate Studies,,Michigan,MOT,,url_found,3,high,https://www.myplan.com/colleges/graduate-schools/baker-college-center-for-graduate-studies/tuition-and-fees-414708.html,https://www.bakeru.edu/admissions/tuition-fees/,Baker College Center for Graduate Studies Master of Occupational Therapy tuition cost of attendance,,
404,Davenport University,,Michigan,MOT,,url_found,3,high,https://www.davenport.edu/financial-aid/tuition-fees/budget,https://www.davenport.edu/sites/default/files/2022-04/OT%202223%20COA%20for%20website.pdf,Davenport University Master of Occupational Therapy tuition cost of attendance,,
405,Eastern Michigan University,,Michigan,MOT,,url_found_low_confidence,3,low,https://www.masu.org/sites/default/files/documents/2021-10/tuition-and-fees-report-fy-2021-2022.pdf,https://www.collegetuitioncompare.com/edu/169798/eastern-michigan-university/tuition/,Eastern Michigan University MOT tuition fees cost,,2021
406,Grand Valley State University,,Michigan,MOT,,url_found,3,medium,https://www.gvsu.edu/financialaid/tuition-fees-25-26-263.htm,https://www.collegefactual.com/graduate-schools/grand-valley-state-university/masters-degrees/health-care-professions/rehab-and-therapeutic-professions/occupational-therapy-therapist/,Grand Valley State University Master of Occupational Therapy tuition cost of attendance,,
407,Saginaw Valley State University,,Michigan,MOT,,url_found,3,medium,https://www.svsu.edu/go/costandaid/tuitionandfees/,https://bigfuture.collegeboard.org/colleges/saginaw-valley-state-university/tuition-and-costs,Saginaw Valley State University Master of Occupational Therapy tuition cost of attendance,,
401,"University of Michigan, Flint",,Michigan,OTD,,url_found,3,high,https://www.umflint.edu/studentaccounts/tuition-fees/,https://www.umflint.edu/studentaccounts/tuition-fees/graduate-tuition/,"University of Michigan, Flint Doctor of Occupational Therapy tuition cost of attendance",,
408,Wayne State University,,Michigan,MOT,,url_found,3,high,https://wayne.edu/financial-aid/resources/cost-of-attendance,https://bulletins.wayne.edu/graduate/general-information/tuition-fees/tuition-fees.pdf,Wayne State University Master of Occupational Therapy tuition cost of attendance,,
402,Western Michigan University,,Michigan,OTD,,url_found,3,medium,https://www.uws.edu/2025-2026-tuition-and-cost-of-attendance-details-doctor-of-occupational-therapy/,http://wmed.edu/cost-of-attendance,Western Michigan University Doctor of Occupational Therapy tuition cost of attendance,,2025
412,College of St. Scholastica,,Minnesota,MOT,,url_found,3,medium,https://catalog.css.edu/general-information/tuition-fees/,https://www.css.edu/admissions-and-aid/tuition-and-fees/,College of St. Scholastica Master of Occupational Therapy tuition cost of attendance,,
413,St. Catherine University,,Minnesota,MOT,,url_found,3,high,https://research.com/best-colleges/st-catherine-university/tuition-fees,https://www.stkate.edu/admission-and-aid/financial-aid/cost-of-attendance,St. Catherine University Master of Occupational Therapy tuition cost of attendance,,
410,St. Catherine University,,Minnesota,OTD,,url_found,3,medium,https://www.uws.edu/2025-2026-tuition-and-cost-of-attendance-details-doctor-of-occupational-therapy/,https://www.stkate.edu/admission-and-aid/financial-aid/cost-of-attendance,St. Catherine University Doctor of Occupational Therapy tuition cost of attendance,,2025
411,University of Minnesota,,Minnesota,OTD,,url_found,3,high,https://www.sofi.com/university-minnesota-tuition-fees/,https://onestop.umn.edu/finances/costs/tuition,University of Minnesota OTD tuition fees cost,,
415,University of Mississippi Medical Center,,Mississippi,MOT,,url_found,3,medium,https://umc.edu/Office%20of%20Academic%20Affairs/For-Students/Student%20Financial%20Aid/Cost-of-Attendance-and-Tuition/Overview.html,https://umc.edu/Office%20of%20Academic%20Affairs/For-Students/Student%20Financial%20Aid/Cost-of-Attendance-and-Tuition/By-School/School-of-Health-Related-Professions.html,University of Mississippi Medical Center Master of Occupational Therapy tuition cost of attendance,,
414,University of Mississippi Medical Center,,Mississippi,OTD,,url_found,3,medium,https://umc.edu/Office%20of%20Academic%20Affairs/For-Students/Student%20Financial%20Aid/Cost-of-Attendance-and-Tuition/Overview.html,https://umc.edu/Office%20of%20Academic%20Affairs/For-Students/Student%20Affairs/Student%20Accounting%20and%20Insurance/Tuition/Fees/Tables-2025-2026/School-of-Health-Related-Professions.html,University of Mississippi Medical Center Doctor of Occupational Therapy tuition cost of attendance,,
419,Cox College,,Missouri,MOT,,url_found_low_confidence,3,low,https://coxcollege.edu/wp-content/uploads/2022/08/Updated-Est.-Prog.-Cost-MSOT-2022-23-Tuition_Fees.pdf,https://coxcollege.edu/wp-content/uploads/2025/02/Est.-Prog.-Cost-MSOT-2024-25-Tuition_Fees-MSOT-Cohort-10.pdf,Cox College Master of Occupational Therapy tuition cost of attendance,,2022
420,Maryville University,,Missouri,MOT,,url_found_low_confidence,3,low,https://www.maryville.edu/admissions/2021-2022-graduate-tuition-and-fees/,https://www.maryville.edu/admissions/cost-of-attendance-on-ground-graduate-students/,Maryville University Master of Occupational Therapy tuition cost of attendance,,2021
421,Missouri State University,,Missouri,MOT,,url_found,3,high,https://www.missouristate.edu/FinancialAid/cost-of-attendance.htm,https://www.missouristate.edu/Registrar/Students/detailed-tuition-and-fees.htm,Missouri State University Master of Occupational Therapy tuition cost of attendance,,
416,Rockhurst University,,Missouri,OTD,,url_found,3,medium,https://www.uws.edu/2025-2026-tuition-and-cost-of-attendance-details-doctor-of-occupational-therapy/,http://rockhurst.edu/graduate-tuition-fees,Rockhurst University Doctor of Occupational Therapy tuition cost of attendance,,2025
422,St. Louis University,,Missouri,MOT,,url_found,3,medium,https://www.slu.edu/financial-aid/tuition-and-costs/cost-of-attendance.php,https://www.slu.edu/financial-aid/tuition-and-costs/index.php,St. Louis University Master of Occupational Therapy tuition cost of attendance,,
417,University of Missouri,,Missouri,OTD,,url_found,3,high,https://financialaid.missouri.edu/cost-of-attendance/graduate/,https://research.com/advice/how-much-does-an-occupational-therapy-degree-program-cost-tuition-fees-total-expense-breakdown,University of Missouri Doctor of Occupational Therapy tuition cost of attendance,,
423,Washington University,,Missouri,MOT,,url_found,3,medium,https://research.com/advice/online-occupational-therapy-masters-degree-program-costs-tuition-fees,https://occupationaltherapy.smhs.gwu.edu/eotd-tuition-financial-aid,Washington University Master of Occupational Therapy program cost fees,,
418,Washington University,,Missouri,OTD,,url_found,3,medium,https://www.uws.edu/2025-2026-tuition-and-cost-of-attendance-details-doctor-of-occupational-therapy/,https://occupationaltherapy.smhs.gwu.edu/eotd-tuition-financial-aid,Washington University Doctor of Occupational Therapy program cost fees,,2025
424,Rocky Mountain College,,Montana,OTD,,url_found,3,high,https://rocky.edu/academics/academic-programs/occupational-therapy/tuition-fees/,https://rocky.edu/tuition-fees/,Rocky Mountain College Doctor of Occupational Therapy tuition cost of attendance,,
425,"University of Mary, Billings",,Montana,OTD,,url_found,3,medium,https://www.uws.edu/2025-2026-tuition-and-cost-of-attendance-details-doctor-of-occupational-therapy/,https://www.umary.edu/sites/default/files/2022-01/OT-Program-Tuition-and-Fees.pdf,"University of Mary, Billings Doctor of Occupational Therapy tuition cost of attendance",,2025
429,College of Saint Mary,,Nebraska,MOT,,url_found,3,high,https://mtmary.edu/costs-aid/cost-of-attendance/graduate-tuition.html,https://stmary.edu/tuition/tuition-20232024.html,College of Saint Mary Master of Occupational Therapy program cost fees,,
426,College of Saint Mary,,Nebraska,OTD,,url_found,3,high,https://mtmary.edu/costs-aid/cost-of-attendance/graduate-tuition.html,https://stmary.edu/tuition/tuition-20242025.html,College of Saint Mary Doctor of Occupational Therapy tuition cost of attendance,,
427,Creighton University,,Nebraska,OTD,,url_found,3,high,https://catalog.creighton.edu/pharmacy-health-professions/tuition-fees/tuition-fees.pdf,https://research.com/advice/how-much-does-an-occupational-therapy-degree-program-cost-tuition-fees-total-expense-breakdown,Creighton University Doctor of Occupational Therapy program cost fees,,
430,Nebraska Methodist College,,Nebraska,MOT,,url_found,3,high,https://www.methodistcollege.edu/tuition-and-financial-aid/tuition-by-program-and-degree,https://www.methodistcollege.edu/cost-of-attendance,Nebraska Methodist College Master of Occupational Therapy tuition cost of attendance,,
428,University of Nebraska Medical Center,,Nebraska,OTD,,url_found,3,medium,https://twu.edu/occupational-therapy/graduate-programs/doctor-of-occupational-therapy-entry-level/otd-tuition-and-annual-cost-estimates/,https://www.unmc.edu/student-success/financial-aid/cost-of-attendance.html,University of Nebraska Medical Center OTD tuition fees cost,,
431,Touro University Nevada,,Nevada,OTD,,url_found,3,high,https://tun.touro.edu/programs/occupational-therapy/otd-tuition-fees/,https://tun.touro.edu/admissions--aid/tuition--fees/,Touro University Nevada Doctor of Occupational Therapy tuition cost of attendance,,
432,"University of Nevada, Las Vegas",,Nevada,OTD,,url_found,3,medium,https://phhp.ufl.edu/academics/phd-and-professional-programs/occupational-therapy-doctorate/tuition-and-scholarship/otd-estimated-cost-of-attendance/,https://www.uws.edu/2025-2026-tuition-and-cost-of-attendance-details-doctor-of-occupational-therapy/,"University of Nevada, Las Vegas Doctor of Occupational Therapy program cost fees",,
433,"MCPHS University, Manchester Campus",,New Hampshire,MOT,,url_found,3,high,https://research.com/best-colleges/mcphs-university/tuition-fees,https://www.mcphs.edu/academics/programs/occupational-therapy-msot/tuition,"MCPHS University, Manchester Campus Master of Occupational Therapy tuition cost of attendance",,
434,University of New Hampshire,,New Hampshire,MOT,,url_found,3,medium,https://chhs.unh.edu/occupational-therapy/otd-cost-details,https://www.unh.edu/business-services/tuition-fees/graduate-tuition-fees,University of New Hampshire Master of Occupational Therapy tuition cost of attendance,,
438,Kean University,,New Jersey,MOT,,url_found_low_confidence,3,low,https://kean.smartcatalogiq.com/en/2019-2020/graduate-catalog/financial-information/student-accounting-information-tuition-and-fees/tuition-and-fees,https://www.kean.edu/offices/student-accounting/tuition-and-fees-2025-2026,Kean University Master of Occupational Therapy tuition cost of attendance,,2019
435,Kean University,,New Jersey,OTD,,url_found,3,high,https://kean.smartcatalogiq.com/en/2024-2025/graduate-catalog/financial-information/student-accounting-information-tuition-and-fees/tuition-and-fees,https://www.kean.edu/offices/student-accounting/tuition-and-fees-2025-2026,Kean University OTD tuition fees cost,,2024
436,Monmouth University,,New Jersey,OTD,,url_found,3,high,https://www.monmouth.edu/tuition/program-costs-and-fees/,https://www.uws.edu/2025-2026-tuition-and-cost-of-attendance-details-doctor-of-occupational-therapy/,Monmouth University Doctor of Occupational Therapy tuition cost of attendance,,
437,"Rutgers, The State University of New Jersey",,New Jersey,OTD,,url_found,3,medium,https://scarlethub.rutgers.edu/financial-services/cost-of-attendance/rutgers-health-students-cost-of-attendance/,https://grad.rutgers.edu/funding/tuition-and-cost-attendance,"Rutgers, The State University of New Jersey OTD tuition fees cost",,
439,Seton Hall University,,New Jersey,MOT,,url_found,3,high,https://www.setonhill.edu/apply-afford/financial-aid-affordability/graduate-program-costs.html,https://www.allencollege.edu/filesimages/PagePDFs/Fin%20Aid/Tuition%20Fees%20MS%20in%20OT.pdf,Seton Hall University Master of Occupational Therapy tuition cost of attendance,,
440,Stockton University,,New Jersey,MOT,,url_found,3,high,https://stockton.edu/financial-aid/financial-aid-essential-information/cost-of-attendance.html,https://stockton.edu/bursars/tuition-fees.html,Stockton University Master of Occupational Therapy tuition cost of attendance,,
441,University of New Mexico,,New Mexico,MOT,,url_found,3,medium,https://research.com/advice/online-occupational-therapy-masters-degree-program-costs-tuition-fees,https://budgetoffice.unm.edu/assets/documents/tuition--fees/fy26_hscmemo.pdf,University of New Mexico Master of Occupational Therapy program cost fees,,
446,Clarkson University,,New York,MOT,,url_found,3,high,https://www.clarkson.edu/admissions-financial-aid/sas/student-accounts/tuition-fees,https://www.clarkson.edu/academics/schools-colleges/health/occupational-therapy-department/occupational-therapy-financial-aid-and-cost-attendance,Clarkson University Master of Occupational Therapy tuition cost of attendance,,
447,Columbia University,,New York,MOT,,url_found,3,high,https://www.vagelos.columbia.edu/education/academic-programs/programs-occupational-therapy/master-science/admissions/tuition-financial-aid,https://tuition.sfs.columbia.edu/#!?term=Fall%2FSpring%202023-2024&school=Vagelos%20College%20of%20Physicians%20and%20Surgeons&program=Physical%20Therapy&sub_program=1st%20Year,Columbia University Master of Occupational Therapy tuition cost of attendance,,
449,Dominican University New York,,New York,MOT,,url_found,3,medium,https://www.duny.edu/graduate-program-tuition-costs-financial-aid/,https://www.dominican.edu/admissions/tuition-and-financial-aid/total-cost-attendance/graduate-tuition-and-aid/accelerated-master-science-occupational-therapy-msot-tuition-and-aid,Dominican University New York Master of Occupational Therapy tuition cost of attendance,,
448,DYouville University,,New York,MOT,,url_found,3,medium,https://www.dyu.edu/cost-aid/tuition-fees,https://www.collegetuitioncompare.com/trends/dyouville-university/cost-of-attendance/,DYouville University Master of Occupational Therapy tuition cost of attendance,,
450,Hofstra University,,New York,MOT,,url_found,3,high,https://www.hofstra.edu/campus-life/student-services-here-to-help/student-financial-services/bursar/tuition-fees/,https://research.com/best-colleges/hofstra-university/tuition-fees,Hofstra University Master of Occupational Therapy tuition cost of attendance,,
451,Iona University,,New York,MOT,,url_found,3,high,https://www.iona.edu/offices/student-financial-services/costs-attendance/graduate-tuition-estimator,https://www.iona.edu/offices/student-financial-services/costs-attendance/undergraduate-tuition,Iona University Master of Occupational Therapy tuition cost of attendance,,
452,Ithaca College,,New York,MOT,,url_found,3,high,https://research.com/best-colleges/ithaca-college/tuition-fees,https://www.ithaca.edu/tuition-financial-aid/graduate-tuition-and-financial-aid,Ithaca College Master of Occupational Therapy tuition cost of attendance,,
453,Keuka College,,New York,MOT,,url_found,3,high,https://www.keuka.edu/fa/undergraduate-tuition-fees/2026-2027-cost-attendance,https://research.com/best-colleges/keuka-college/tuition-fees,Keuka College Master of Occupational Therapy tuition cost of attendance,,2026
454,Le Moyne College,,New York,MOT,,url_found,3,high,https://echo.lemoyne.edu/Financial-Resources/2024-2025-Tuition-Fees,https://www.prepscholar.com/sat/s/colleges/Le-Moyne-College-tuition-financial-aid,Le Moyne College Master of Occupational Therapy tuition cost of attendance,,2024
455,"Long Island University, Brooklyn",,New York,MOT,,url_found,3,high,https://research.com/best-colleges/long-island-university/tuition-fees,https://liu.edu/registration-and-financial-aid/tuition-fees,"Long Island University, Brooklyn Master of Occupational Therapy tuition cost of attendance",,
456,Maria College,,New York,MOT,,url_found,3,high,https://mariacollege.edu/admissions/tuition-fees,https://www.csudh.edu/ot/program-costs/,Maria College Master of Occupational Therapy tuition cost of attendance,,
457,Mercy University,,New York,MOT,,url_found,3,high,https://mercy.edu/admissions-aid/financial-aid/tuition-and-fees,https://research.com/best-colleges/mercy-university/tuition-fees,Mercy University Master of Occupational Therapy tuition cost of attendance,,
458,Nazareth University,,New York,MOT,,url_found,3,medium,https://research.com/advice/how-much-does-an-occupational-therapy-degree-program-cost-tuition-fees-total-expense-breakdown,https://www2.naz.edu/financial-aid-scholarships-tuition,Nazareth University Master of Occupational Therapy tuition cost of attendance,,
459,New York Institute of Technology,,New York,MOT,,url_found,3,high,https://sun3.york.cuny.edu/occupational-therapy/about-us/tuition-and-fees-narrative-041025/@@download/file/revised%20web%20fees%20and%20tuition%20041025.pdf,https://bigfuture.collegeboard.org/colleges/new-york-institute-of-technology/tuition-and-costs,New York Institute of Technology Master of Occupational Therapy tuition cost of attendance,,
442,New York Institute of Technology,,New York,OTD,,url_found,3,medium,https://research.com/advice/how-much-does-an-occupational-therapy-degree-program-cost-tuition-fees-total-expense-breakdown,https://www.nyit.edu/admissions/costs-and-aid/tuition-and-costs/,New York Institute of Technology OTD tuition fees cost,,
460,New York University,,New York,MOT,,url_found,3,high,https://sun3.york.cuny.edu/occupational-therapy/about-us/tuition-and-fees-narrative-041025/@@download/file/revised%20web%20fees%20and%20tuition%20041025.pdf,https://research.com/advice/online-occupational-therapy-masters-degree-program-costs-tuition-fees,New York University Master of Occupational Therapy tuition cost of attendance,,
461,Pace University - Westchester Campus,,New York,MOT,,url_found,3,high,https://catalog.pace.edu/graduate/general-university/tuition-fees/tentative-tuition-fees/tentative-tuition-fees.pdf,https://www.pace.edu/admission-and-aid/graduate-admission/tuition-and-cost/cost-of-attendance,Pace University - Westchester Campus Master of Occupational Therapy tuition cost of attendance,,
443,Roberts Wesleyan University,,New York,OTD,,url_found,3,high,https://www.collegetuitioncompare.com/trends/roberts-wesleyan-university/cost-of-attendance/,https://www.roberts.edu/admissions/financial-aid/undergraduate-tuition-aid/net-price-calculator/,Roberts Wesleyan University Doctor of Occupational Therapy tuition cost of attendance,,
462,Russell Sage College,,New York,MOT,,url_found,3,high,https://www.sage.edu/admission/financial-aid/tuition-fees/sage-online-tuition-fees/,https://www.sage.edu/admission/financial-aid/tuition-fees/graduate-tuition-fees/,Russell Sage College Master of Occupational Therapy tuition cost of attendance,,
444,Russell Sage College,,New York,OTD,,url_found,3,high,https://www.sage.edu/admission/financial-aid/tuition-fees/,https://www.sage.edu/admission/financial-aid/tuition-fees/graduate-tuition-fees/,Russell Sage College Doctor of Occupational Therapy tuition cost of attendance,,
463,St. Bonaventure University,,New York,MOT,,url_found,3,medium,https://www.sbu.edu/affordability/student-financial-services/tuition-and-fees-2025-2026,https://www.sbu.edu/admissions/graduate-admissions/graduate-tuition-and-fees,St. Bonaventure University Master of Occupational Therapy tuition cost of attendance,,2025
464,State University of New York Downstate Health Sciences University,,New York,MOT,,url_found,3,high,https://www.downstate.edu/education-training/student-services/bursar/tuition-fees/school-of-health-professions.html,https://www.downstate.edu/education-training/student-services/financial-aid/cost/index.html,State University of New York Downstate Health Sciences University Master of Occupational Therapy tuition cost of attendance,,
465,Stony Brook University,,New York,MOT,,url_found_low_confidence,3,low,"https://healthprofessions.stonybrookmedicine.edu/sites/default/files/MSOT%20Tuition%20and%20Fees,%207-31-2014.pdf",https://www.stonybrook.edu/undergraduate-admissions/cost-and-aid/tuition-costs.php,Stony Brook University Master of Occupational Therapy tuition cost of attendance,,2014
466,Touro University,,New York,MOT,,url_found,3,high,https://tun.touro.edu/programs/occupational-therapy/otd-tuition-fees/,https://gse.touro.edu/admissions--aid/tuition--fees/,Touro University Master of Occupational Therapy tuition cost of attendance,,
467,"University at Buffalo, State University of New York",,New York,MOT,,url_found,3,high,https://financialaid.buffalostate.edu/cost-attendance,https://studentaccounts.buffalostate.edu/tuition-and-fees,"University at Buffalo, State University of New York Master of Occupational Therapy tuition cost of attendance",,
468,Utica University,,New York,MOT,,url_found,3,high,https://www.utica.edu/tuition-and-financial-aid/tuition-and-fees,https://www.utica.edu/tuition-and-financial-aid/tuition-and-fees/tuition-and-fees-utica-campus,Utica University Master of Occupational Therapy tuition cost of attendance,,
445,"Yeshiva University, Jack and Pearl Resnick Campus",,New York,OTD,,url_found_low_confidence,3,low,https://www.yu.edu/sites/default/files/inline-files/OT%20Tuition%20and%20fees%202024-2025%20Revised_0.pdf,https://www.yu.edu/osf/tuition-fees/undergraduate,"Yeshiva University, Jack and Pearl Resnick Campus Doctor of Occupational Therapy tuition cost of attendance",,2020
469,"York College, The City University of New York",,New York,MOT,,url_found,3,high,https://sun3.york.cuny.edu/occupational-therapy/about-us/tuition-and-fees-narrative-041025/@@download/file/revised%20web%20fees%20and%20tuition%20041025.pdf,https://www.york.cuny.edu/occupational-therapy/about-us/tuition-and-fees-narrative-041025,"York College, The City University of New York Master of Occupational Therapy tuition cost of attendance",,
473,Cabarrus College of Health Sciences,,North Carolina,MOT,,url_found,3,high,https://cdn.atriumhealth.org/-/media/wakeforest/cabarrusedu/files/financial-information/tuition-and-fees/2024---2025-tuition-fees-grad.pdf,https://cdn.atriumhealth.org/-/media/wakeforest/cabarrusedu/files/financial-information/tuition-and-fees/2023-2024-graduate-tuition-and-fees.pdf?rev=610905a8c1a24d998037c45715675850&hash=EDAC535402CFC05215A1F3AF0FFA726D,Cabarrus College of Health Sciences Master of Occupational Therapy tuition cost of attendance,,2024
470,Duke University School of Medicine,,North Carolina,OTD,,url_found,3,medium,https://www.uab.edu/shp/ot/entry-level/otd/tuition-and-fees,https://www.utc.edu/health-education-and-professional-studies/occupational-therapy/program-costs,Duke University School of Medicine Doctor of Occupational Therapy program cost fees,,
474,East Carolina University,,North Carolina,MOT,,url_found,3,medium,https://financialaid.ecu.edu/estimated-cost-of-attendance-coa/,https://ot.ecu.edu/wp-content/pv-uploads/sites/357/2020/09/Cost-Estimate-2021-2022.pdf,East Carolina University Master of Occupational Therapy tuition cost of attendance,,
475,Lenoir-Rhyne University,,North Carolina,MOT,,url_found,3,medium,https://www.lr.edu/financial-aid-costs/graduate-cost-and-aid/cost-of-attendance,https://research.com/best-colleges/lenoir-rhyne-university/tuition-fees,Lenoir-Rhyne University Master of Occupational Therapy tuition cost of attendance,,
471,Methodist University,,North Carolina,OTD,,url_found,3,medium,https://www.uws.edu/2025-2026-tuition-and-cost-of-attendance-details-doctor-of-occupational-therapy/,https://www.methodist.edu/academics/program/otd/tuition-fees/,Methodist University Doctor of Occupational Therapy tuition cost of attendance,,2025
476,"Pfeiffer University, Albemarle Campus",,North Carolina,MOT,,url_found,3,high,https://www.pfeiffer.edu/admissions/tuition-and-fees/,https://www.pfeiffer.edu/program/master-of-science-in-occupational-therapy/tuition-and-fees/,"Pfeiffer University, Albemarle Campus Master of Occupational Therapy tuition cost of attendance",,
477,University of North Carolina at Chapel Hill,,North Carolina,MOT,,url_found,3,high,https://www.sofi.com/university-north-carolina-unc-chapel-hill-tuition-and-fees/,https://www.collegetuitioncompare.com/edu/199120/university-of-north-carolina-at-chapel-hill/tuition/,University of North Carolina at Chapel Hill MOT tuition fees cost,,
472,Wingate University,,North Carolina,OTD,,url_found,3,medium,https://www.uws.edu/2025-2026-tuition-and-cost-of-attendance-details-doctor-of-occupational-therapy/,https://research.com/best-colleges/wingate-university/tuition-fees,Wingate University OTD tuition fees cost,,2025
478,Winston-Salem State University,,North Carolina,MOT,,url_found,3,medium,https://www.wssu.edu/about/offices-and-departments/student-accounts/_files/documents/22-23-msot-health-sciences-tuition--fees.pdf,https://www.wssu.edu/about/offices-and-departments/student-accounts/_files/documents/25-26-mot-tuition.pdf,Winston-Salem State University Master of Occupational Therapy tuition cost of attendance,,
479,"University of Mary, Bismark",,North Dakota,OTD,,url_found_low_confidence,3,low,https://www.umary.edu/sites/default/files/2022-01/OT-Program-Tuition-and-Fees.pdf,https://www.umary.edu/sites/default/files/2024-02/Cost-of-Attendance-Budgets-2023-24.pdf,"University of Mary, Bismark Doctor of Occupational Therapy tuition cost of attendance",,2022
480,University of North Dakota,,North Dakota,OTD,,url_found,3,medium,https://www.uws.edu/2025-2026-tuition-and-cost-of-attendance-details-doctor-of-occupational-therapy/,https://www.huntington.edu/graduate/occupational-therapy/tuition-financial-aid,University of North Dakota Doctor of Occupational Therapy tuition cost of attendance,,2025
481,Cleveland State University,,Ohio,OTD,,url_found,3,medium,https://www.csuohio.edu/financial-aid/cost-attendance,https://research.com/advice/online-occupational-therapy-degree-programs-costs-tuition-and-fees,Cleveland State University Doctor of Occupational Therapy tuition cost of attendance,,
482,Kettering College,,Ohio,OTD,,url_found,3,medium,https://kc.edu/admissions/tuition-and-fees/2024-2025-kc-tuition-cost-sheet02192024/,https://kc.edu/wp-content/uploads/2024/12/2025-2026-KC-Tuition-Cost-Sheet12062024.pdf,Kettering College Doctor of Occupational Therapy tuition cost of attendance,,2024
487,Muskingum University,,Ohio,MOT,,url_found,3,medium,https://research.com/advice/online-occupational-therapy-masters-degree-program-costs-tuition-fees,https://research.com/best-colleges/muskingum-university/tuition-fees,Muskingum University Master of Occupational Therapy tuition cost of attendance,,
483,Ohio State University,,Ohio,OTD,,url_found,3,medium,https://www.uws.edu/2025-2026-tuition-and-cost-of-attendance-details-doctor-of-occupational-therapy/,https://registrar.osu.edu/policies-information/about-the-university-registrar/archives/graduate-tuition-and-fees-2023-2024-archive/,Ohio State University Doctor of Occupational Therapy tuition cost of attendance,,2025
488,Shawnee State University,,Ohio,MOT,,url_found,3,high,https://www.shawnee.edu/occupational-therapy/mot-tuition-fees,https://www.shawnee.edu/financial-aid/cost-attendance,Shawnee State University Master of Occupational Therapy tuition cost of attendance,,
489,University of Cincinnati,,Ohio,MOT,,url_found,3,medium,https://www.uc.edu/about/financial-aid/starting/costs/non-tuition-costs/2023-24-cost-of-attendance1.html,https://www.online.uc.edu/tuition-finances/program-fees.html,University of Cincinnati Master of Occupational Therapy tuition cost of attendance,,2023
490,University of Findlay,,Ohio,MOT,,url_found,3,high,https://findlay.smartcatalogiq.com/en/current/shared-content/expenses/graduate-tuition-and-fees,https://www.findlay.edu/health-professions/occupational-therapy/Pages/tuition.aspx,University of Findlay Master of Occupational Therapy tuition cost of attendance,,
484,University of Findlay,,Ohio,OTD,,url_found,3,medium,https://phhp.ufl.edu/academics/phd-and-professional-programs/occupational-therapy-doctorate/tuition-and-scholarship/otd-estimated-cost-of-attendance/,https://www.uws.edu/2025-2026-tuition-and-cost-of-attendance-details-doctor-of-occupational-therapy/,University of Findlay Doctor of Occupational Therapy tuition cost of attendance,,
485,University of Toledo,,Ohio,OTD,,url_found,3,medium,https://phhp.ufl.edu/academics/phd-and-professional-programs/occupational-therapy-doctorate/tuition-and-scholarship/otd-estimated-cost-of-attendance/,https://www.uws.edu/2025-2026-tuition-and-cost-of-attendance-details-doctor-of-occupational-therapy/,University of Toledo Doctor of Occupational Therapy tuition cost of attendance,,
491,Walsh University,,Ohio,MOT,,url_found,3,high,https://www.walsh.edu/ppotd-tuition-fees.html,https://www.walsh.edu/ot-tuition-and-fees.html,Walsh University Master of Occupational Therapy tuition cost of attendance,,
492,Wilmington College,,Ohio,MOT,,url_found,3,high,https://wordpress.wilmington.edu/wp-content/uploads/2024/10/Tuition-and-Fees.pdf,https://research.com/best-colleges/wilmington-college/tuition-fees,Wilmington College Master of Occupational Therapy tuition cost of attendance,,2024
486,Xavier University,,Ohio,OTD,,url_found,3,high,https://www.xavier.edu/financial-aid/cost-of-attendance/,https://www.xula.edu/financialaid/general-tuition-cost-fees.html,Xavier University Doctor of Occupational Therapy tuition cost of attendance,,
493,"Northeastern State University, Muskogee Campus",,Oklahoma,MOT,,url_found,3,medium,https://academics.nsuok.edu/_resources/documents/cost-of-attendance-MSOT-program-25-26.pdf,https://bigfuture.collegeboard.org/colleges/northeastern-state-university/tuition-and-costs,"Northeastern State University, Muskogee Campus Master of Occupational Therapy tuition cost of attendance",,
494,University of Oklahoma Health Sciences Center,,Oklahoma,MOT,,url_found_low_confidence,3,low,https://financialservices.ouhsc.edu/Departments/Bursars-Office/Tuition-Fees/Tuition-and-Fees-Archives/2022-2023-Tuition-and-Fees-by-Program,https://ou.edu/content/dam/irr/docs/Fact%20Book/fact-book-2023/hsc-pages/23_3_45_hsc_tuition_and_fees.pdf,University of Oklahoma Health Sciences Center Master of Occupational Therapy tuition cost of attendance,,2022
495,Pacific University,,Oregon,OTD,,url_found,3,high,https://www.pacificu.edu/directory/student-affairs/office-financial-aid/tuition-and-fees-program,https://www.pacificu.edu/occupational-therapy-otd/tuition-financial-aid,Pacific University Doctor of Occupational Therapy tuition cost of attendance,,
505,Alvernia University,,Pennsylvania,MOT,,url_found,3,high,https://research.com/best-colleges/alvernia-university/tuition-fees,https://www.alvernia.edu/tuition-residential-costs,Alvernia University Master of Occupational Therapy tuition cost of attendance,,
506,Carlow University,,Pennsylvania,MOT,,url_found,3,high,https://www.carlow.edu/wp-content/uploads/2025/02/OTD-occupational-therapy-cost-of-attendance_UPDATED-2.5.25.pdf,https://www.carlow.edu/admissions-aid/tuition-financial-aid/tuition-fees-25-26/,Carlow University Master of Occupational Therapy tuition cost of attendance,,2025
496,Cedar Crest College,,Pennsylvania,OTD,,url_found,3,medium,https://www.uws.edu/2025-2026-tuition-and-cost-of-attendance-details-doctor-of-occupational-therapy/,https://research.com/best-colleges/cedar-crest-college/tuition-fees,Cedar Crest College Doctor of Occupational Therapy tuition cost of attendance,,2025
497,Chatham University,,Pennsylvania,OTD,,url_found,3,high,https://www.chatham.edu/_documents/_academics/occupational-therapy-elotd-ota-to-otd-tuition-and-fees-chatham-university.pdf,https://chatham.edu/admission-and-aid/undergraduate/cost-and-aid/cost-of-attendance.html,Chatham University Doctor of Occupational Therapy tuition cost of attendance,,
507,Duquesne University,,Pennsylvania,MOT,,url_found,3,high,https://www.duq.edu/academics/university-catalogs/2025-2026-catalog/graduate/tuition-and-fees/index.php,https://www.duq.edu/admission-and-aid/tuition-and-fees/graduate-tuition.php,Duquesne University Master of Occupational Therapy tuition cost of attendance,,2025
498,Duquesne University,,Pennsylvania,OTD,,url_found,3,high,https://www.duq.edu/academics/university-catalogs/2025-2026-catalog/graduate/tuition-and-fees/index.php,https://www.duq.edu/admission-and-aid/tuition-and-fees/index.php,Duquesne University Doctor of Occupational Therapy tuition cost of attendance,,2025
508,Elizabethtown College,,Pennsylvania,MOT,,url_found,3,high,https://research.com/best-colleges/elizabethtown-college/tuition-fees,https://www.prepscholar.com/sat/s/colleges/Elizabethtown-College-tuition-financial-aid,Elizabethtown College MOT tuition fees cost,,
499,Elizabethtown College,,Pennsylvania,OTD,,url_found,3,high,https://research.com/best-colleges/elizabethtown-college/tuition-fees,https://www.etown.edu/offices/financial-aid/tuition-fees.aspx,Elizabethtown College OTD tuition fees cost,,
509,Gannon University,,Pennsylvania,MOT,,url_found,3,high,https://www.gannon.edu/tuition-and-financial-aid/tuition-and-fees/graduate-tuition/,https://www.gannon.edu/tuition-and-financial-aid/tuition-and-fees/,Gannon University Master of Occupational Therapy tuition cost of attendance,,
510,Gwynedd Mercy University,,Pennsylvania,MOT,,url_found,3,high,https://www.gmercyu.edu/admissions-aid/financial-aid-tuition/cost-of-attendance,https://www.gmercyu.edu/admissions-aid/financial-aid-tuition/graduate-tuition-fees,Gwynedd Mercy University Master of Occupational Therapy tuition cost of attendance,,
511,Messiah University,,Pennsylvania,MOT,,url_found,3,high,https://www.messiah.edu/ug-fin-aid/policies-and-resources/2025-2026-policies/financial-information/cost-of-attendance-2025-2026,https://messiah.smartcatalogiq.com/en/2018-2019/graduate-catalog/tuition-fees,Messiah University Master of Occupational Therapy tuition cost of attendance,,2025
512,Misericordia University,,Pennsylvania,MOT,,url_found,3,high,https://www.misericordia.edu/financial-aid/tuition-and-fees/tuition-and-fees-2023-2024,https://resources.finalsite.net/images/v1706629175/misericordia/kg9htgryvnugkmas5hk9/bsinos_MSOT2324costsforwebsitesdocx1.pdf,Misericordia University Master of Occupational Therapy tuition cost of attendance,,2023
513,Moravian University,,Pennsylvania,MOT,,url_found,3,high,https://www.moravian.edu/admissions/cost-of-attendance,https://www.moravian.edu/admissions/tuition-fees-2025-26,Moravian University Master of Occupational Therapy tuition cost of attendance,,
514,Salus University,,Pennsylvania,MOT,,url_found,3,high,https://www.salus.edu/colleges/medicine/global-interprofessional-specialized-programming/low-vision-rehabilitation-programs/application-process/cost-of-attendance.html,https://salus.smartcatalogiq.com/20232024old/salus-university-catalog/tuition-and-scholarships/cost-of-attendance/college-of-health-sciences-education-and-rehabilitation,Salus University Master of Occupational Therapy tuition cost of attendance,,
500,Slippery Rock University,,Pennsylvania,OTD,,url_found,3,medium,https://www.uws.edu/2025-2026-tuition-and-cost-of-attendance-details-doctor-of-occupational-therapy/,https://www.sru.edu/admissions/tuition-and-fees/graduate-tuition-costs,Slippery Rock University Doctor of Occupational Therapy program cost fees,,2025
515,St. Francis University,,Pennsylvania,MOT,,url_found,3,high,https://stfrancis.edu/admissions-aid/financial-aid-services/tuition-fees/,https://www.francis.edu/admissions/tuition-and-fees/graduate-tuition-and-fees,St. Francis University Master of Occupational Therapy tuition cost of attendance,,
516,St. Joseph's University,,Pennsylvania,MOT,,url_found,3,medium,https://www.sju.edu/tuition-fees,https://www.msj.edu/tuition-aid/tuition-costs/index.html,St. Joseph's University MOT tuition fees cost,,
501,St. Joseph's University,,Pennsylvania,OTD,,url_found,3,medium,https://research.com/advice/how-much-does-an-occupational-therapy-degree-program-cost-tuition-fees-total-expense-breakdown,https://www.sju.edu/tuition-fees,St. Joseph's University Doctor of Occupational Therapy tuition cost of attendance,,
517,Temple University,,Pennsylvania,MOT,,url_found,3,high,https://bursar.temple.edu/sites/bursar/files/Tuition_Rates.pdf,https://www.temple.edu/sites/www/files/eOTD%20Program%20Cost%20for%20Website%2CJan%202025_final.pdf,Temple University Master of Occupational Therapy tuition cost of attendance,,
518,Thomas Jefferson University-Center City Campus,,Pennsylvania,MOT,,url_found,3,high,https://www.jefferson.edu/content/dam/academic/rehabilitation-sciences/occupational-therapy/documents/Tuition%20and%20Fees%20CC%20MSOT.pdf,https://research.com/best-colleges/thomas-jefferson-university/tuition-fees,Thomas Jefferson University-Center City Campus Master of Occupational Therapy tuition cost of attendance,,
502,Thomas Jefferson University-Center City Campus,,Pennsylvania,OTD,,url_found,3,high,https://www.jefferson.edu/content/dam/academic/tuition-financial-aid/fy24/tuition-fees-and-room-board-2023-2024-03152024.pdf,https://www.jefferson.edu/content/dam/academic/rehabilitation-sciences/occupational-therapy/documents/Tuition%20and%20Fees%20OTD.pdf,Thomas Jefferson University-Center City Campus Doctor of Occupational Therapy tuition cost of attendance,,2023
519,Thomas Jefferson University-East Falls Campus,,Pennsylvania,MOT,,url_found,3,high,https://www.jefferson.edu/content/dam/academic/rehabilitation-sciences/occupational-therapy/documents/Tuition%20and%20Fees%20CC%20MSOT.pdf,https://www.jefferson.edu/content/dam/academic/rehabilitation-sciences/occupational-therapy/documents/Tuition%20and%20Fees%20EF%20MSOT.pdf,Thomas Jefferson University-East Falls Campus Master of Occupational Therapy tuition cost of attendance,,
503,University of Pittsburgh,,Pennsylvania,OTD,,url_found,3,medium,https://research.com/advice/how-much-does-an-occupational-therapy-degree-program-cost-tuition-fees-total-expense-breakdown,https://www.pacificu.edu/occupational-therapy-otd/tuition-financial-aid,University of Pittsburgh Doctor of Occupational Therapy tuition cost of attendance,,
520,University of Scranton,,Pennsylvania,MOT,,url_found,3,high,https://www.scranton.edu/bursar/tuition-complete-fees-list.shtml,https://www.scranton.edu/bursar/tuition-graduate-students.shtml,University of Scranton Master of Occupational Therapy tuition cost of attendance,,
504,Widener University,,Pennsylvania,OTD,,url_found,3,medium,https://phhp.ufl.edu/academics/phd-and-professional-programs/occupational-therapy-doctorate/tuition-and-scholarship/otd-estimated-cost-of-attendance/,https://www.uws.edu/2025-2026-tuition-and-cost-of-attendance-details-doctor-of-occupational-therapy/,Widener University Doctor of Occupational Therapy tuition cost of attendance,,
521,"University of Puerto Rico, Medical Sciences Center",,Puerto Rico,MOT,,url_found,3,medium,https://research.com/advice/online-occupational-therapy-degree-programs-costs-tuition-and-fees,https://www.studentdoctor.net/schools-database/physical-therapy-school/detail/UOPR-MSC/university-of-puerto-rico-medical-sciences-campus,"University of Puerto Rico, Medical Sciences Center Master of Occupational Therapy tuition cost of attendance",,
522,"Johnson & Wales University, Providence",,Rhode Island,OTD,,url_found,3,medium,https://www.uws.edu/2025-2026-tuition-and-cost-of-attendance-details-doctor-of-occupational-therapy/,https://catalog.jwu.edu/financingyourdegree/tuitionfees/charlotte/charlotte.pdf,"Johnson & Wales University, Providence Doctor of Occupational Therapy tuition cost of attendance",,2025
523,New England Institute of Technology,,Rhode Island,MOT,,url_found,3,high,https://research.com/best-colleges/new-england-institute-of-technology/tuition-fees,https://findmyorbit.com/tuition-fees/new-england-institute-of-technology,New England Institute of Technology MOT tuition fees cost,,
524,Medical University of South Carolina,,South Carolina,OTD,,url_found,3,medium,https://research.com/advice/how-much-does-an-occupational-therapy-degree-program-cost-tuition-fees-total-expense-breakdown,https://education.musc.edu/admissions-aid/tuition-fees/2025-26,Medical University of South Carolina Doctor of Occupational Therapy tuition cost of attendance,,
525,Presbyterian College,,South Carolina,OTD,,url_found,3,medium,https://www.uws.edu/2025-2026-tuition-and-cost-of-attendance-details-doctor-of-occupational-therapy/,https://www.presby.edu/costs-and-aid/tuition-and-fees/,Presbyterian College Doctor of Occupational Therapy tuition cost of attendance,,2025
526,University of South Dakota,,South Dakota,OTD,,url_found,3,medium,https://www.usd.edu/Admissions-and-Aid/Tuition-and-Costs/Undergraduate-Cost-of-Attendance/Undergraduate-Tuition-and-Fees-Detailed,https://www.usd.edu/Admissions-and-Aid/Tuition-and-Costs/Graduate-Cost-of-Attendance/Graduate-Tuition-and-Costs-Detailed,University of South Dakota OTD tuition fees cost,,
530,Belmont University,,Tennessee,MOT,,url_found,3,high,https://www.belmont.edu/academics/majors-programs/otd-occupational-therapy/tuition-aid.html,https://www.belmont.edu/admissions/graduate-professional/tuition-aid.html,Belmont University Master of Occupational Therapy tuition cost of attendance,,
527,Belmont University,,Tennessee,OTD,,url_found,3,medium,https://www.uws.edu/2025-2026-tuition-and-cost-of-attendance-details-doctor-of-occupational-therapy/,https://www.belmont.edu/academics/majors-programs/otd-occupational-therapy/tuition-aid.html,Belmont University Doctor of Occupational Therapy tuition cost of attendance,,2025
528,Lincoln Memorial University,,Tennessee,OTD,,url_found,3,medium,https://www.lmunet.edu/student-financial-services/tuition-and-fees/undergraduate,https://www.lmunet.edu/student-financial-services/tuition-and-fees/graduate-and-professional,Lincoln Memorial University OTD tuition fees cost,,
531,Milligan University,,Tennessee,MOT,,url_found,3,high,https://milligan.edu/admissions/tuition/cost-of-attendance/,https://research.com/best-colleges/milligan-university/tuition-fees,Milligan University Master of Occupational Therapy tuition cost of attendance,,
532,Tennessee State University,,Tennessee,MOT,,url_found,3,high,https://www.tnstate.edu/ot/documents/TSU%20MOT%20PROGRAM%20TUITION%20COSTS%20SU2024.pdf,https://www.tnstate.edu/ot/TSU%20MOT%20PROGRAM%20TUITION%20COSTS.pdf,Tennessee State University Master of Occupational Therapy tuition cost of attendance,,2024
533,Tennessee Wesleyan University - Downtown Knoxville Site,,Tennessee,MOT,,url_found,3,high,https://www.tnwesleyan.edu/tuition-aid/costs/tuition-and-fees-2024-25/,https://www.tnwesleyan.edu/tuition-aid/costs/tuition/,Tennessee Wesleyan University - Downtown Knoxville Site Master of Occupational Therapy tuition cost of attendance,,2024
534,University of Tennessee Health Science Center,,Tennessee,MOT,,url_found,3,medium,https://uthsc.edu/financial-aid/cost-of-attendance/index.php,https://uthscsa.edu/health-professions/programs/doctor-occupational-therapy/tuition-fees,University of Tennessee Health Science Center Master of Occupational Therapy tuition cost of attendance,,
529,University of Tennessee at Chattanooga,,Tennessee,OTD,,url_found,3,medium,https://www.uws.edu/2025-2026-tuition-and-cost-of-attendance-details-doctor-of-occupational-therapy/,https://www.utc.edu/enrollment-management-and-student-affairs/financial-aid-and-scholarships/cost-of-attendance,University of Tennessee at Chattanooga Doctor of Occupational Therapy tuition cost of attendance,,2025
544,Abilene Christian University,,Texas,MOT,,url_found,3,high,https://research.com/best-colleges/abilene-christian-university/tuition-fees,https://bigfuture.collegeboard.org/colleges/abilene-christian-university/tuition-and-costs,Abilene Christian University MOT tuition fees cost,,
535,Abilene Christian University,,Texas,OTD,,url_found,3,high,https://bigfuture.collegeboard.org/colleges/abilene-christian-university/tuition-and-costs,https://acu.edu/admissions-aid/online/tuition-fees/,Abilene Christian University Doctor of Occupational Therapy tuition cost of attendance,,
536,Baylor University,,Texas,OTD,,url_found,3,high,https://onestop.web.baylor.edu/cost-payment/tuition-other-fees/tuition,https://otd.robbins.baylor.edu/post-professional-otd/tuition-financial-aid,Baylor University Doctor of Occupational Therapy tuition cost of attendance,,
537,Texas Tech University Health Sciences Center,,Texas,OTD,,url_found,3,high,https://uthscsa.edu/health-professions/programs/doctor-occupational-therapy/tuition-fees,https://www.ttuhsc.edu/financial-aid/coa.aspx,Texas Tech University Health Sciences Center Doctor of Occupational Therapy tuition cost of attendance,,
538,Texas Woman's University,,Texas,OTD,,url_found,3,medium,https://twu.edu/occupational-therapy/graduate-programs/doctor-of-occupational-therapy-entry-level/otd-tuition-and-annual-cost-estimates/,https://twu.edu/bursar/tuition-fees/,Texas Woman's University Doctor of Occupational Therapy tuition cost of attendance,,
539,U.S. Army Medical Center of Excellence/Baylor University,,Texas,OTD,,url_found,3,medium,https://otd.robbins.baylor.edu/entry-level-otd/entry-level-otd-tuition-financial-aid,https://military.robbins.baylor.edu/occupational-therapy/entry-level-otd/tuition-financial-aid,U.S. Army Medical Center of Excellence/Baylor University Doctor of Occupational Therapy tuition cost of attendance,,
545,University of Mary Hardin-Baylor,,Texas,MOT,,url_found,3,high,https://www.prepscholar.com/sat/s/colleges/University-of-Mary-Hardin-Baylor-tuition-financial-aid,https://www.umary.edu/admission-aid/tuition-and-costs/graduate-tuition-costs,University of Mary Hardin-Baylor Master of Occupational Therapy tuition cost of attendance,,
546,"University of St. Augustine for Health Sciences, Austin Campus",,Texas,MOT,,url_found,3,medium,https://www.usa.edu/college-of-rehabilitative-sciences/master-of-occupational-therapy-mot/mot-tuition-fees/,https://www.usa.edu/college-of-rehabilitative-sciences/doctor-occupational-therapy/otd-tuition-fees/,"University of St. Augustine for Health Sciences, Austin Campus Master of Occupational Therapy tuition cost of attendance",,
540,"University of St. Augustine for Health Sciences, Austin Campus",,Texas,OTD,,url_found,3,medium,https://www.usa.edu/college-of-rehabilitative-sciences/doctor-occupational-therapy/otd-tuition-fees/,https://www.usa.edu/college-of-rehabilitative-sciences/master-of-occupational-therapy-mot/mot-tuition-fees/,"University of St. Augustine for Health Sciences, Austin Campus Doctor of Occupational Therapy tuition cost of attendance",,
541,"University of St. Augustine for Health Sciences, Dallas Campus",,Texas,OTD,,url_found,3,medium,https://www.usa.edu/college-of-rehabilitative-sciences/doctor-occupational-therapy/otd-tuition-fees/,https://www.usa.edu/college-of-rehabilitative-sciences/master-of-occupational-therapy-mot/mot-tuition-fees/,"University of St. Augustine for Health Sciences, Dallas Campus Doctor of Occupational Therapy tuition cost of attendance",,
542,University of Texas Health Science Center at San Antonio,,Texas,OTD,,url_found,3,high,https://students.uthscsa.edu/financial-aid/school-of-health-professions-cost-of-attendance/,https://twu.edu/occupational-therapy/graduate-programs/doctor-of-occupational-therapy-entry-level/otd-tuition-and-annual-cost-estimates/,University of Texas Health Science Center at San Antonio Doctor of Occupational Therapy tuition cost of attendance,,
543,University of Texas Medical Branch,,Texas,OTD,,url_found,3,medium,https://phhp.ufl.edu/academics/phd-and-professional-programs/occupational-therapy-doctorate/tuition-and-scholarship/otd-estimated-cost-of-attendance/,https://www.uws.edu/2025-2026-tuition-and-cost-of-attendance-details-doctor-of-occupational-therapy/,University of Texas Medical Branch Doctor of Occupational Therapy tuition cost of attendance,,
547,University of Texas at El Paso,,Texas,MOT,,url_found,3,medium,https://research.com/advice/online-occupational-therapy-masters-degree-program-costs-tuition-fees,https://www.utep.edu/extendeduniversity/utepconnect/tuition-and-fees/,University of Texas at El Paso Master of Occupational Therapy tuition cost of attendance,,
548,University of Texas at Tyler,,Texas,MOT,,url_found,3,high,https://www.uttyler.edu/admissions-aid/tuition-financial-aid-fees/tuition-fees/coa-odd/index.php,https://www.uttyler.edu/admissions-aid/tuition-financial-aid-fees/tuition-fees/graduate-tuition-fees.php,University of Texas at Tyler Master of Occupational Therapy tuition cost of attendance,,
549,University of Utah,,Utah,MOT,,url_found,3,high,https://financialaid.utah.edu/tuition-and-fees/cost-of-attendance-graduate-online.php,https://financialaid.utah.edu/tuition-and-fees/cost-of-attendance-graduate-general.php,University of Utah Master of Occupational Therapy tuition cost of attendance,,
550,"Emory and Henry University, Marion Campus",,Virginia,OTD,,url_found,3,high,https://www.emoryhenry.edu/financial-aid/tuition-fees/,https://www.emoryhenry.edu/live/profiles/5856-cost-of-attendance-coa,"Emory and Henry University, Marion Campus Doctor of Occupational Therapy tuition cost of attendance",,
554,James Madison University,,Virginia,MOT,,url_found,3,high,https://research.com/best-colleges/james-madison-university/tuition-fees,https://www.jmu.edu/ubo/tuition-and-fees/graduate.shtml,James Madison University Master of Occupational Therapy tuition cost of attendance,,
551,Mary Baldwin University,,Virginia,OTD,,url_found,3,high,https://catalog.marybaldwin.edu/graduate-tuition-and-fees,https://findmyorbit.com/tuition-fees/mary-baldwin-university,Mary Baldwin University Doctor of Occupational Therapy tuition cost of attendance,,
555,Radford University,,Virginia,MOT,,url_found,3,high,https://www.radford.edu/bursar/tuition-fees/online-programs.html,https://www.radford.edu/bursar/tuition-fees/index.html,Radford University Master of Occupational Therapy tuition cost of attendance,,
556,Shenandoah University,,Virginia,MOT,,url_found,3,medium,https://www.su.edu/occupational-therapy/doctorate-in-occupational-therapy/graduation-rates-cost-of-attendance/,https://www.su.edu/hornet-central/cost-of-attendance/cost-of-attendance-2024-2025/,Shenandoah University Master of Occupational Therapy tuition cost of attendance,,
552,Shenandoah University,,Virginia,OTD,,url_found,3,medium,https://www.su.edu/occupational-therapy/doctorate-in-occupational-therapy/graduation-rates-cost-of-attendance/,https://www.su.edu/hornet-central/tuition-fees/2025-2026-graduate-tuition-rates/,Shenandoah University Doctor of Occupational Therapy tuition cost of attendance,,
557,"Shenandoah University, Scholar Plaza Campus",,Virginia,MOT,,url_found,3,high,https://research.com/best-colleges/shenandoah-university/tuition-fees,https://www.su.edu/hornet-central/cost-of-attendance/,"Shenandoah University, Scholar Plaza Campus MOT tuition fees cost",,
553,Virginia Commonwealth University,,Virginia,OTD,,url_found,3,medium,https://sfs.vcu.edu/financial-aid/how-aid-works/understanding-cost-of-attendance/,https://occu.chp.vcu.edu/admissions/tuition-financial-aid-and-scholarships/,Virginia Commonwealth University Doctor of Occupational Therapy tuition cost of attendance,,
559,Eastern Washington University,,Washington,MOT,,url_found,3,medium,https://inside.ewu.edu/financialservices/student-financial-services/costs-and-fees/tuition-rates/,https://www.ewu.edu/apply/financial-aid-scholarships-office/cost-of-attendance/,Eastern Washington University Master of Occupational Therapy tuition cost of attendance,,
560,University of Puget Sound,,Washington,MOT,,url_found,3,high,https://www.pugetsound.edu/student-financial-services-current-graduate-students/graduate-tuition-fees,https://www.pugetsound.edu/admission/student-financial-services/tuition-fees,University of Puget Sound Master of Occupational Therapy tuition cost of attendance,,
558,University of Puget Sound,,Washington,OTD,,url_found,3,high,https://www.pugetsound.edu/student-financial-services-current-graduate-students/graduate-tuition-fees,https://www.pugetsound.edu/admission/student-financial-services/tuition-fees,University of Puget Sound Doctor of Occupational Therapy tuition cost of attendance,,
561,University of Washington,,Washington,MOT,,url_found,3,medium,https://research.com/advice/online-occupational-therapy-masters-degree-program-costs-tuition-fees,https://occupationaltherapy.smhs.gwu.edu/eotd-tuition-financial-aid,University of Washington Master of Occupational Therapy tuition cost of attendance,,
563,West Virginia University,,West Virginia,MOT,,url_found,3,medium,https://wvstateu.edu/admissions/financial-aid/2025-2026-cost-of-attendance/,https://medicine.wvu.edu/ot/masters-mot/cost-of-attendance/,West Virginia University MOT tuition fees cost,,2025
562,West Virginia University,,West Virginia,OTD,,url_found,3,medium,https://www.uws.edu/2025-2026-tuition-and-cost-of-attendance-details-doctor-of-occupational-therapy/,https://medicine.wvu.edu/ot/doctorate-otd/cost-of-attendance/,West Virginia University Doctor of Occupational Therapy tuition cost of attendance,,2025
568,Carroll University,,Wisconsin,MOT,,url_found,3,high,https://www.carrollu.edu/financial-aid/graduate-students/tuition,https://www.carrollu.edu/admission/international/graduate/cost-of-attendance,Carroll University Master of Occupational Therapy tuition cost of attendance,,
569,Concordia University Wisconsin,,Wisconsin,MOT,,url_found,3,high,https://research.com/best-colleges/concordia-university-wisconsin/tuition-fees,https://catalog.cuw.edu/graduate/university/tuition-fees/,Concordia University Wisconsin MOT tuition fees cost,,
564,Concordia University Wisconsin,,Wisconsin,OTD,,url_found,3,medium,https://www.cuw.edu/admissions/undergraduate-admissions/tuition-fees.html,https://catalog.cuw.edu/undergraduate/university/tuition-fees/,Concordia University Wisconsin OTD tuition fees cost,,
565,Marquette University,,Wisconsin,OTD,,url_found,3,medium,https://www.uws.edu/2025-2026-tuition-and-cost-of-attendance-details-doctor-of-occupational-therapy/,https://www.marquette.edu/central/financial-aid/resources/cost-of-attendance-professional-degrees.php,Marquette University Doctor of Occupational Therapy tuition cost of attendance,,2025
570,Mount Mary University,,Wisconsin,MOT,,url_found,3,high,https://mtmary.edu/costs-aid/cost-of-attendance/graduate-tuition.html,https://www.tuitionrewards.com/colleges/89/mount-mary-university,Mount Mary University Master of Occupational Therapy tuition cost of attendance,,
566,Mount Mary University,,Wisconsin,OTD,,url_found,3,high,https://mtmary.edu/costs-aid/cost-of-attendance/graduate-tuition.html,https://mtmary.edu/footer/documents/2025-cost-and-aid-sheet-gr.pdf,Mount Mary University Doctor of Occupational Therapy tuition cost of attendance,,
571,"University of Wisconsin, LaCrosse",,Wisconsin,MOT,,url_found,3,medium,https://catalog.uwlax.edu/graduate/expensesfinancialaidscholarships/tuitionandfees/,https://www.uwlax.edu/admissions/afford/tuition-and-housing-costs/,"University of Wisconsin, LaCrosse MOT tuition fees cost",,
567,"University of Wisconsin, Madison",,Wisconsin,OTD,,url_found,3,medium,https://financialaid.wisc.edu/cost-of-attendance/,https://occupationaltherapy.education.wisc.edu/admissions/tuition-scholarships-and-financial-aid/,"University of Wisconsin, Madison Doctor of Occupational Therapy tuition cost of attendance",,
572,"University of Wisconsin, Milwaukee",,Wisconsin,MOT,,url_found,3,medium,https://uwm.edu/finances/finances/estimating-your-costs/tuition/,https://uwm.edu/finances/finances/cost-of-attendance/,"University of Wisconsin, Milwaukee Master of Occupational Therapy tuition cost of attendance",,
